run_id,id,x,y,ts_born,alive,ts_died,age
ockEcL,201,108,54,0,1,-1,9081
ockEcL,202,112,138,0,1,-1,4721
ockEcL,203,195,193,0,1,-1,8817
ockEcL,204,101,154,0,1,-1,5970
ockEcL,205,2,66,0,1,-1,5428
ockEcL,206,235,24,0,1,-1,5440
ockEcL,207,25,69,0,1,-1,3676
ockEcL,208,205,14,0,1,-1,7479
ockEcL,209,106,9,0,1,-1,2516
ockEcL,210,42,236,0,1,-1,616
ockEcL,211,20,17,0,1,-1,6861
ockEcL,212,13,221,0,1,-1,72
ockEcL,213,220,61,0,1,-1,8317
ockEcL,214,235,50,0,1,-1,2149
ockEcL,215,213,154,0,1,-1,9127
ockEcL,216,112,109,0,1,-1,6894
ockEcL,217,90,174,0,1,-1,4008
ockEcL,218,182,140,0,1,-1,9369
ockEcL,219,231,29,0,1,-1,8215
ockEcL,220,90,15,0,1,-1,8607
ockEcL,221,113,234,0,1,-1,4692
ockEcL,222,200,238,0,1,-1,9009
ockEcL,223,91,211,0,1,-1,5636
ockEcL,224,78,201,0,1,-1,623
ockEcL,225,1,243,0,1,-1,8027
ockEcL,226,145,84,0,1,-1,2224
ockEcL,227,3,30,0,1,-1,287
ockEcL,228,234,179,0,1,-1,2182
ockEcL,229,78,8,0,1,-1,4316
ockEcL,230,88,85,0,1,-1,2981
ockEcL,231,202,56,0,1,-1,8912
ockEcL,232,167,29,0,1,-1,3104
ockEcL,233,89,164,0,1,-1,8079
ockEcL,234,83,114,0,1,-1,839
ockEcL,235,71,130,0,1,-1,8475
ockEcL,236,0,157,0,1,-1,1449
ockEcL,237,121,94,0,1,-1,7341
ockEcL,238,231,131,0,1,-1,6621
ockEcL,239,225,245,0,1,-1,4133
ockEcL,240,1,210,0,1,-1,3057
ockEcL,241,59,166,0,1,-1,3723
ockEcL,242,249,215,0,1,-1,5526
ockEcL,243,238,68,0,1,-1,1109
ockEcL,244,28,136,0,1,-1,8111
ockEcL,245,123,110,0,1,-1,9999
ockEcL,246,232,67,0,1,-1,4470
ockEcL,247,191,194,0,1,-1,6522
ockEcL,248,94,105,0,1,-1,861
ockEcL,249,172,149,0,1,-1,5335
ockEcL,250,188,134,0,1,-1,1057
ockEcL,251,144,78,0,1,-1,5148
ockEcL,252,249,92,0,1,-1,5115
ockEcL,253,181,168,0,1,-1,9287
ockEcL,254,229,98,0,1,-1,3179
ockEcL,255,113,76,0,1,-1,7301
ockEcL,256,62,52,0,1,-1,3291
ockEcL,257,240,148,0,1,-1,4180
ockEcL,258,116,182,0,1,-1,6767
ockEcL,259,99,98,0,1,-1,1821
ockEcL,260,170,2,0,1,-1,9246
ockEcL,261,141,23,0,1,-1,9079
ockEcL,262,120,220,0,1,-1,8671
ockEcL,263,247,65,0,1,-1,8115
ockEcL,264,127,77,0,1,-1,3738
ockEcL,265,39,78,0,1,-1,5852
ockEcL,266,83,128,0,1,-1,4129
ockEcL,267,61,133,0,1,-1,6118
ockEcL,268,109,229,0,1,-1,9534
ockEcL,269,56,138,0,1,-1,6688
ockEcL,270,145,43,0,1,-1,3359
ockEcL,271,109,104,0,1,-1,356
ockEcL,272,176,164,0,1,-1,187
ockEcL,273,136,113,0,1,-1,1316
ockEcL,274,138,153,0,1,-1,7468
ockEcL,275,106,121,0,1,-1,3361
ockEcL,276,222,201,0,1,-1,2269
ockEcL,277,160,81,0,1,-1,1766
ockEcL,278,208,192,0,1,-1,9443
ockEcL,279,54,126,0,1,-1,8631
ockEcL,280,58,219,0,1,-1,7344
ockEcL,281,71,218,0,1,-1,307
ockEcL,282,241,27,0,1,-1,5934
ockEcL,283,72,155,0,1,-1,1018
ockEcL,284,1,43,0,1,-1,9786
ockEcL,285,227,156,0,1,-1,1021
ockEcL,286,142,80,0,1,-1,3391
ockEcL,287,206,157,0,1,-1,3094
ockEcL,288,112,161,0,1,-1,8956
ockEcL,289,145,61,0,1,-1,3576
ockEcL,290,119,170,0,1,-1,1070
ockEcL,291,14,98,0,1,-1,7686
ockEcL,292,123,142,0,1,-1,8939
ockEcL,293,36,31,0,1,-1,3131
ockEcL,294,89,52,0,1,-1,3795
ockEcL,295,16,102,0,1,-1,869
ockEcL,296,211,44,0,1,-1,4853
ockEcL,297,157,153,0,1,-1,2209
ockEcL,298,27,97,0,1,-1,9099
ockEcL,299,156,144,0,1,-1,36
ockEcL,300,8,206,0,1,-1,9432
ockEcL,301,29,107,0,1,-1,566
ockEcL,302,199,21,0,1,-1,3551
ockEcL,303,58,194,0,1,-1,9932
ockEcL,304,213,237,0,1,-1,5354
ockEcL,305,68,239,0,1,-1,3021
ockEcL,306,61,70,0,1,-1,971
ockEcL,307,173,228,0,1,-1,8099
ockEcL,308,171,169,0,1,-1,3768
ockEcL,309,101,94,0,1,-1,4079
ockEcL,310,118,236,0,1,-1,6283
ockEcL,311,225,84,0,1,-1,9069
ockEcL,312,192,157,0,1,-1,8513
ockEcL,313,238,189,0,1,-1,8197
ockEcL,314,11,171,0,1,-1,2389
ockEcL,315,98,222,0,1,-1,1706
ockEcL,316,136,35,0,1,-1,1357
ockEcL,317,156,75,0,1,-1,5431
ockEcL,318,188,142,0,1,-1,4204
ockEcL,319,41,237,0,1,-1,3865
ockEcL,320,203,7,0,1,-1,2595
ockEcL,321,146,144,0,1,-1,4086
ockEcL,322,224,21,0,1,-1,2029
ockEcL,323,52,237,0,1,-1,4655
ockEcL,324,61,0,0,1,-1,3592
ockEcL,325,37,109,0,1,-1,2478
ockEcL,326,170,87,0,1,-1,7870
ockEcL,327,59,9,0,1,-1,8909
ockEcL,328,76,147,0,1,-1,5346
ockEcL,329,246,97,0,1,-1,4205
ockEcL,330,62,47,0,1,-1,7991
ockEcL,331,122,21,0,1,-1,8131
ockEcL,332,167,158,0,1,-1,634
ockEcL,333,76,246,0,1,-1,5765
ockEcL,334,0,132,0,1,-1,8144
ockEcL,335,71,21,0,1,-1,5648
ockEcL,336,125,131,0,1,-1,7957
ockEcL,337,78,159,0,1,-1,6155
ockEcL,338,112,238,0,1,-1,262
ockEcL,339,242,130,0,1,-1,280
ockEcL,340,229,157,0,1,-1,8094
ockEcL,341,58,211,0,1,-1,7690
ockEcL,342,41,200,0,1,-1,8305
ockEcL,343,147,190,0,1,-1,9382
ockEcL,344,1,34,0,1,-1,2921
ockEcL,345,27,16,0,1,-1,6197
ockEcL,346,103,41,0,1,-1,4166
ockEcL,347,228,72,0,1,-1,5088
ockEcL,348,228,237,0,1,-1,1427
ockEcL,349,98,118,0,1,-1,7856
ockEcL,350,8,14,0,1,-1,2782
ockEcL,351,242,208,0,1,-1,9658
ockEcL,352,33,5,0,1,-1,7974
ockEcL,353,7,100,0,1,-1,1154
ockEcL,354,217,118,0,1,-1,322
ockEcL,355,158,228,0,1,-1,7776
ockEcL,356,23,57,0,1,-1,1047
ockEcL,357,194,106,0,1,-1,9158
ockEcL,358,4,169,0,1,-1,3043
ockEcL,359,213,0,0,1,-1,2456
ockEcL,360,155,198,0,1,-1,9538
ockEcL,361,249,77,0,1,-1,9552
ockEcL,362,186,136,0,1,-1,8744
ockEcL,363,217,216,0,1,-1,2620
ockEcL,364,91,15,0,1,-1,584
ockEcL,365,220,60,0,1,-1,5664
ockEcL,366,239,61,0,1,-1,1123
ockEcL,367,190,201,0,1,-1,1106
ockEcL,368,185,220,0,1,-1,2353
ockEcL,369,23,244,0,1,-1,626
ockEcL,370,235,203,0,1,-1,593
ockEcL,371,42,65,0,1,-1,5999
ockEcL,372,158,33,0,1,-1,1920
ockEcL,373,108,98,0,1,-1,3696
ockEcL,374,244,109,0,1,-1,900
ockEcL,375,153,169,0,1,-1,5310
ockEcL,376,187,247,0,1,-1,1273
ockEcL,377,139,31,0,1,-1,3539
ockEcL,378,152,0,0,1,-1,1507
ockEcL,379,80,161,0,1,-1,6950
ockEcL,380,242,46,0,1,-1,9168
ockEcL,381,235,236,0,1,-1,852
ockEcL,382,133,208,0,1,-1,6074
ockEcL,383,93,145,0,1,-1,6611
ockEcL,384,209,212,0,1,-1,1017
ockEcL,385,235,78,0,1,-1,8887
ockEcL,386,33,133,0,1,-1,3448
ockEcL,387,212,161,0,1,-1,4631
ockEcL,388,103,93,0,1,-1,9138
ockEcL,389,209,53,0,1,-1,7581
ockEcL,390,205,147,0,1,-1,4067
ockEcL,391,231,161,0,1,-1,6183
ockEcL,392,196,51,0,1,-1,2776
ockEcL,393,217,197,0,1,-1,2502
ockEcL,394,154,166,0,1,-1,6778
ockEcL,395,234,50,0,1,-1,3579
ockEcL,396,202,89,0,1,-1,5664
ockEcL,397,83,63,0,1,-1,2767
ockEcL,398,218,28,0,1,-1,8715
ockEcL,399,245,116,0,1,-1,2869
ockEcL,400,57,85,0,1,-1,6575
ockEcL,401,60,64,0,1,-1,139
ockEcL,402,200,132,0,1,-1,2005
ockEcL,403,219,164,0,1,-1,6875
ockEcL,404,218,194,0,1,-1,5859
ockEcL,405,91,158,0,1,-1,2843
ockEcL,406,18,76,0,1,-1,9850
ockEcL,407,27,25,0,1,-1,4105
ockEcL,408,150,245,0,1,-1,5969
ockEcL,409,48,114,0,1,-1,217
ockEcL,410,211,175,0,1,-1,3986
ockEcL,411,45,187,0,1,-1,3725
ockEcL,412,81,8,0,1,-1,8301
ockEcL,413,106,193,0,1,-1,9732
ockEcL,414,63,244,0,1,-1,1717
ockEcL,415,141,75,0,1,-1,9753
ockEcL,416,178,141,0,1,-1,2542
ockEcL,417,164,133,0,1,-1,2589
ockEcL,418,86,211,0,1,-1,2169
ockEcL,419,168,32,0,1,-1,5720
ockEcL,420,37,62,0,1,-1,8428
ockEcL,421,12,81,0,1,-1,391
ockEcL,422,40,138,0,1,-1,5665
ockEcL,423,14,246,0,1,-1,5212
ockEcL,424,71,3,0,1,-1,6533
ockEcL,425,156,148,0,1,-1,4587
ockEcL,426,124,143,0,1,-1,7837
ockEcL,427,159,1,0,1,-1,8757
ockEcL,428,138,19,0,1,-1,1041
ockEcL,429,230,193,0,1,-1,5924
ockEcL,430,149,110,0,1,-1,7005
ockEcL,431,68,163,0,1,-1,7100
ockEcL,432,234,175,0,1,-1,8336
ockEcL,433,97,139,0,1,-1,8059
ockEcL,434,146,73,0,1,-1,802
ockEcL,435,175,150,0,1,-1,6331
ockEcL,436,113,103,0,1,-1,7723
ockEcL,437,46,63,0,1,-1,7268
ockEcL,438,197,191,0,1,-1,315
ockEcL,439,218,189,0,1,-1,5704
ockEcL,440,181,236,0,1,-1,8029
ockEcL,441,75,99,0,1,-1,966
ockEcL,442,38,17,0,1,-1,6451
ockEcL,443,105,91,0,1,-1,2675
ockEcL,444,138,248,0,1,-1,7083
ockEcL,445,197,56,0,1,-1,9262
ockEcL,446,6,210,0,1,-1,2635
ockEcL,447,143,73,0,1,-1,5533
ockEcL,448,169,33,0,1,-1,422
ockEcL,449,218,9,0,1,-1,7905
ockEcL,450,53,81,0,1,-1,9948
ockEcL,451,69,193,0,1,-1,6932
ockEcL,452,222,242,0,1,-1,4483
ockEcL,453,71,62,0,1,-1,4704
ockEcL,454,215,105,0,1,-1,4714
ockEcL,455,203,95,0,1,-1,9809
ockEcL,456,237,83,0,1,-1,2227
ockEcL,457,163,119,0,1,-1,4174
ockEcL,458,130,196,0,1,-1,9074
ockEcL,459,238,100,0,1,-1,4839
ockEcL,460,37,166,0,1,-1,6399
ockEcL,461,85,64,0,1,-1,3465
ockEcL,462,132,33,0,1,-1,9787
ockEcL,463,60,39,0,1,-1,3184
ockEcL,464,2,170,0,1,-1,3603
ockEcL,465,217,18,0,1,-1,1918
ockEcL,466,210,72,0,1,-1,1666
ockEcL,467,16,148,0,1,-1,8900
ockEcL,468,30,57,0,1,-1,289
ockEcL,469,214,194,0,1,-1,2706
ockEcL,470,8,84,0,1,-1,3535
ockEcL,471,242,125,0,1,-1,5820
ockEcL,472,221,33,0,1,-1,6227
ockEcL,473,124,19,0,1,-1,2136
ockEcL,474,115,24,0,1,-1,8465
ockEcL,475,173,70,0,1,-1,5112
ockEcL,476,108,144,0,1,-1,7510
ockEcL,477,23,238,0,1,-1,9496
ockEcL,478,185,236,0,1,-1,5608
ockEcL,479,54,237,0,1,-1,3129
ockEcL,480,24,11,0,1,-1,1042
ockEcL,481,46,39,0,1,-1,6430
ockEcL,482,248,4,0,1,-1,4040
ockEcL,483,83,221,0,1,-1,993
ockEcL,484,108,45,0,1,-1,3340
ockEcL,485,201,44,0,1,-1,4890
ockEcL,486,237,27,0,1,-1,7052
ockEcL,487,24,20,0,1,-1,3105
ockEcL,488,129,106,0,1,-1,4008
ockEcL,489,220,162,0,1,-1,5495
ockEcL,490,123,38,0,1,-1,6484
ockEcL,491,145,233,0,1,-1,7808
ockEcL,492,233,174,0,1,-1,3011
ockEcL,493,208,187,0,1,-1,9077
ockEcL,494,199,140,0,1,-1,8371
ockEcL,495,169,150,0,1,-1,5307
ockEcL,496,73,111,0,1,-1,1291
ockEcL,497,207,90,0,1,-1,1920
ockEcL,498,68,226,0,1,-1,2944
ockEcL,499,245,243,0,1,-1,9716
ockEcL,500,33,46,0,1,-1,7948
ockEcL,501,185,35,0,1,-1,4197
ockEcL,502,208,181,0,1,-1,8888
ockEcL,503,8,44,0,1,-1,7675
ockEcL,504,6,100,0,1,-1,7781
ockEcL,505,147,52,0,1,-1,6107
ockEcL,506,61,140,0,1,-1,7628
ockEcL,507,67,164,0,1,-1,8997
ockEcL,508,123,85,0,1,-1,6206
ockEcL,509,118,226,0,1,-1,44
ockEcL,510,102,247,0,1,-1,9164
ockEcL,511,35,163,0,1,-1,7252
ockEcL,512,101,114,0,1,-1,785
ockEcL,513,211,146,0,1,-1,9476
ockEcL,514,99,159,0,1,-1,7285
ockEcL,515,192,166,0,1,-1,8944
ockEcL,516,115,207,0,1,-1,8604
ockEcL,517,159,107,0,1,-1,7301
ockEcL,518,77,172,0,1,-1,4797
ockEcL,519,52,191,0,1,-1,4135
ockEcL,520,248,145,0,1,-1,4451
ockEcL,521,147,18,0,1,-1,1213
ockEcL,522,219,151,0,1,-1,5768
ockEcL,523,232,201,0,1,-1,611
ockEcL,524,12,58,0,1,-1,9752
ockEcL,525,167,191,0,1,-1,3244
ockEcL,526,219,146,0,1,-1,3605
ockEcL,527,172,134,0,1,-1,7154
ockEcL,528,243,150,0,1,-1,1549
ockEcL,529,75,163,0,1,-1,8355
ockEcL,530,230,201,0,1,-1,2175
ockEcL,531,152,193,0,1,-1,5471
ockEcL,532,126,30,0,1,-1,9786
ockEcL,533,219,204,0,1,-1,7609
ockEcL,534,84,175,0,1,-1,1781
ockEcL,535,152,21,0,1,-1,3187
ockEcL,536,181,174,0,1,-1,5980
ockEcL,537,120,117,0,1,-1,6199
ockEcL,538,129,17,0,1,-1,855
ockEcL,539,58,114,0,1,-1,2318
ockEcL,540,81,28,0,1,-1,7438
ockEcL,541,121,130,0,1,-1,710
ockEcL,542,197,101,0,1,-1,3428
ockEcL,543,169,134,0,1,-1,7242
ockEcL,544,204,2,0,1,-1,92
ockEcL,545,78,136,0,1,-1,4461
ockEcL,546,68,72,0,1,-1,9788
ockEcL,547,88,19,0,1,-1,6011
ockEcL,548,203,70,0,1,-1,4408
ockEcL,549,15,133,0,1,-1,9367
ockEcL,550,100,85,0,1,-1,2669
ockEcL,551,206,159,0,1,-1,3226
ockEcL,552,150,242,0,1,-1,2495
ockEcL,553,136,75,0,1,-1,1213
ockEcL,554,205,143,0,1,-1,4465
ockEcL,555,245,186,0,1,-1,3658
ockEcL,556,104,243,0,1,-1,7815
ockEcL,557,117,125,0,1,-1,6503
ockEcL,558,206,140,0,1,-1,6989
ockEcL,559,185,192,0,1,-1,3985
ockEcL,560,130,67,0,1,-1,7891
ockEcL,561,1,28,0,1,-1,7842
ockEcL,562,170,66,0,1,-1,4500
ockEcL,563,5,239,0,1,-1,8808
ockEcL,564,73,3,0,1,-1,7142
ockEcL,565,60,177,0,1,-1,2830
ockEcL,566,29,159,0,1,-1,5944
ockEcL,567,129,109,0,1,-1,35
ockEcL,568,102,118,0,1,-1,8655
ockEcL,569,213,19,0,1,-1,6380
ockEcL,570,11,29,0,1,-1,9499
ockEcL,571,44,2,0,1,-1,5959
ockEcL,572,176,66,0,1,-1,4951
ockEcL,573,206,245,0,1,-1,5391
ockEcL,574,14,31,0,1,-1,8277
ockEcL,575,102,156,0,1,-1,8771
ockEcL,576,3,124,0,1,-1,2974
ockEcL,577,24,233,0,1,-1,2163
ockEcL,578,179,230,0,1,-1,1597
ockEcL,579,147,81,0,1,-1,3984
ockEcL,580,130,29,0,1,-1,4899
ockEcL,581,249,134,0,1,-1,6349
ockEcL,582,150,121,0,1,-1,2288
ockEcL,583,107,219,0,1,-1,252
ockEcL,584,60,38,0,1,-1,6126
ockEcL,585,199,94,0,1,-1,9432
ockEcL,586,240,228,0,1,-1,9553
ockEcL,587,209,72,0,1,-1,5230
ockEcL,588,204,216,0,1,-1,308
ockEcL,589,26,71,0,1,-1,7615
ockEcL,590,177,115,0,1,-1,8362
ockEcL,591,208,105,0,1,-1,3908
ockEcL,592,208,177,0,1,-1,7490
ockEcL,593,86,123,0,1,-1,9831
ockEcL,594,177,74,0,1,-1,6641
ockEcL,595,92,224,0,1,-1,4032
ockEcL,596,153,67,0,1,-1,95
ockEcL,597,150,46,0,1,-1,6381
ockEcL,598,129,9,0,1,-1,6155
ockEcL,599,110,78,0,1,-1,8665
ockEcL,600,184,167,0,1,-1,4195
ockEcL,601,51,156,0,1,-1,275
ockEcL,602,192,29,0,1,-1,7774
ockEcL,603,119,139,0,1,-1,3281
ockEcL,604,29,162,0,1,-1,2451
ockEcL,605,157,205,0,1,-1,3341
ockEcL,606,111,181,0,1,-1,5303
ockEcL,607,149,69,0,1,-1,7752
ockEcL,608,130,131,0,1,-1,9414
ockEcL,609,234,103,0,1,-1,2429
ockEcL,610,94,24,0,1,-1,827
ockEcL,611,104,187,0,1,-1,7004
ockEcL,612,212,227,0,1,-1,2130
ockEcL,613,235,154,0,1,-1,314
ockEcL,614,226,114,0,1,-1,8961
ockEcL,615,55,10,0,1,-1,8909
ockEcL,616,229,238,0,1,-1,3370
ockEcL,617,158,68,0,1,-1,4928
ockEcL,618,232,177,0,1,-1,6427
ockEcL,619,155,225,0,1,-1,5484
ockEcL,620,187,141,0,1,-1,721
ockEcL,621,217,17,0,1,-1,1539
ockEcL,622,182,239,0,1,-1,5696
ockEcL,623,128,86,0,1,-1,5228
ockEcL,624,93,71,0,1,-1,8760
ockEcL,625,27,213,0,1,-1,9933
ockEcL,626,206,201,0,1,-1,1662
ockEcL,627,24,98,0,1,-1,7053
ockEcL,628,72,70,0,1,-1,9047
ockEcL,629,101,102,0,1,-1,6543
ockEcL,630,29,224,0,1,-1,8850
ockEcL,631,48,242,0,1,-1,4534
ockEcL,632,110,224,0,1,-1,9446
ockEcL,633,213,85,0,1,-1,9143
ockEcL,634,221,233,0,1,-1,658
ockEcL,635,64,101,0,1,-1,6300
ockEcL,636,138,110,0,1,-1,5232
ockEcL,637,170,143,0,1,-1,8427
ockEcL,638,216,130,0,1,-1,2033
ockEcL,639,133,111,0,1,-1,1430
ockEcL,640,67,34,0,1,-1,108
ockEcL,641,108,172,0,1,-1,9443
ockEcL,642,62,238,0,1,-1,813
ockEcL,643,174,19,0,1,-1,9732
ockEcL,644,198,93,0,1,-1,5308
ockEcL,645,187,114,0,1,-1,7553
ockEcL,646,82,125,0,1,-1,543
ockEcL,647,197,142,0,1,-1,8276
ockEcL,648,57,138,0,1,-1,1259
ockEcL,649,187,35,0,1,-1,9622
ockEcL,650,128,102,0,1,-1,1775
ockEcL,651,69,3,0,1,-1,2904
ockEcL,652,47,136,0,1,-1,9912
ockEcL,653,88,219,0,1,-1,353
ockEcL,654,140,172,0,1,-1,7654
ockEcL,655,10,91,0,1,-1,2462
ockEcL,656,221,127,0,1,-1,8253
ockEcL,657,175,33,0,1,-1,102
ockEcL,658,169,102,0,1,-1,6399
ockEcL,659,176,238,0,1,-1,4276
ockEcL,660,140,214,0,1,-1,7639
ockEcL,661,112,167,0,1,-1,7702
ockEcL,662,25,16,0,1,-1,1225
ockEcL,663,234,39,0,1,-1,950
ockEcL,664,114,103,0,1,-1,873
ockEcL,665,236,79,0,1,-1,1790
ockEcL,666,15,15,0,1,-1,2181
ockEcL,667,109,242,0,1,-1,864
ockEcL,668,117,229,0,1,-1,5079
ockEcL,669,162,99,0,1,-1,8905
ockEcL,670,211,100,0,1,-1,6440
ockEcL,671,118,174,0,1,-1,5737
ockEcL,672,68,204,0,1,-1,9286
ockEcL,673,225,232,0,1,-1,355
ockEcL,674,93,203,0,1,-1,8377
ockEcL,675,175,207,0,1,-1,8949
ockEcL,676,74,234,0,1,-1,8663
ockEcL,677,242,224,0,1,-1,5347
ockEcL,678,65,165,0,1,-1,1332
ockEcL,679,4,36,0,1,-1,3146
ockEcL,680,243,213,0,1,-1,1922
ockEcL,681,180,12,0,1,-1,9107
ockEcL,682,30,187,0,1,-1,1488
ockEcL,683,147,92,0,1,-1,2414
ockEcL,684,57,55,0,1,-1,5757
ockEcL,685,239,202,0,1,-1,2654
ockEcL,686,28,236,0,1,-1,5852
ockEcL,687,242,214,0,1,-1,9517
ockEcL,688,1,74,0,1,-1,943
ockEcL,689,230,20,0,1,-1,2076
ockEcL,690,92,110,0,1,-1,6893
ockEcL,691,87,153,0,1,-1,9971
ockEcL,692,70,170,0,1,-1,775
ockEcL,693,82,24,0,1,-1,7048
ockEcL,694,108,148,0,1,-1,7116
ockEcL,695,72,25,0,1,-1,5559
ockEcL,696,123,109,0,1,-1,578
ockEcL,697,9,14,0,1,-1,5621
ockEcL,698,83,170,0,1,-1,8841
ockEcL,699,38,4,0,1,-1,3875
ockEcL,700,125,97,0,1,-1,8891
ockEcL,701,120,162,0,1,-1,6179
ockEcL,702,209,118,0,1,-1,7704
ockEcL,703,71,165,0,1,-1,43
ockEcL,704,71,204,0,1,-1,4198
ockEcL,705,220,22,0,1,-1,2999
ockEcL,706,241,20,0,1,-1,5531
ockEcL,707,10,25,0,1,-1,7946
ockEcL,708,61,104,0,1,-1,7311
ockEcL,709,241,93,0,1,-1,8145
ockEcL,710,11,141,0,1,-1,1975
ockEcL,711,124,114,0,1,-1,9479
ockEcL,712,8,135,0,1,-1,4954
ockEcL,713,215,191,0,1,-1,9049
ockEcL,714,141,96,0,1,-1,4919
ockEcL,715,171,54,0,1,-1,5420
ockEcL,716,139,248,0,1,-1,4531
ockEcL,717,194,202,0,1,-1,4695
ockEcL,718,79,207,0,1,-1,376
ockEcL,719,161,230,0,1,-1,2166
ockEcL,720,39,9,0,1,-1,6911
ockEcL,721,37,228,0,1,-1,9732
ockEcL,722,208,153,0,1,-1,2130
ockEcL,723,72,195,0,1,-1,1821
ockEcL,724,78,204,0,1,-1,8167
ockEcL,725,140,50,0,1,-1,8387
ockEcL,726,83,218,0,1,-1,2478
ockEcL,727,86,228,0,1,-1,9402
ockEcL,728,129,69,0,1,-1,1841
ockEcL,729,113,120,0,1,-1,4418
ockEcL,730,216,146,0,1,-1,5752
ockEcL,731,59,97,0,1,-1,1637
ockEcL,732,222,221,0,1,-1,4118
ockEcL,733,13,95,0,1,-1,4938
ockEcL,734,89,195,0,1,-1,9012
ockEcL,735,145,143,0,1,-1,5721
ockEcL,736,65,27,0,1,-1,1402
ockEcL,737,108,10,0,1,-1,6697
ockEcL,738,5,182,0,1,-1,8849
ockEcL,739,31,248,0,1,-1,3704
ockEcL,740,207,110,0,1,-1,6658
ockEcL,741,159,165,0,1,-1,4830
ockEcL,742,196,132,0,1,-1,742
ockEcL,743,198,129,0,1,-1,70
ockEcL,744,22,229,0,1,-1,9075
ockEcL,745,121,196,0,1,-1,2032
ockEcL,746,134,182,0,1,-1,1108
ockEcL,747,101,176,0,1,-1,7943
ockEcL,748,79,60,0,1,-1,5214
ockEcL,749,0,181,0,1,-1,376
ockEcL,750,58,82,0,1,-1,4771
ockEcL,751,213,138,0,1,-1,6613
ockEcL,752,2,6,0,1,-1,1252
ockEcL,753,77,66,0,1,-1,6777
ockEcL,754,175,82,0,1,-1,1668
ockEcL,755,66,248,0,1,-1,3371
ockEcL,756,109,55,0,1,-1,9292
ockEcL,757,139,55,0,1,-1,4229
ockEcL,758,92,67,0,1,-1,643
ockEcL,759,165,179,0,1,-1,1626
ockEcL,760,92,22,0,1,-1,6148
ockEcL,761,154,81,0,1,-1,3636
ockEcL,762,165,73,0,1,-1,2403
ockEcL,763,175,77,0,1,-1,6362
ockEcL,764,49,232,0,1,-1,8223
ockEcL,765,204,125,0,1,-1,7477
ockEcL,766,230,60,0,1,-1,1439
ockEcL,767,0,116,0,1,-1,940
ockEcL,768,209,7,0,1,-1,8240
ockEcL,769,223,84,0,1,-1,3674
ockEcL,770,113,77,0,1,-1,9614
ockEcL,771,18,221,0,1,-1,7346
ockEcL,772,202,110,0,1,-1,3270
ockEcL,773,161,29,0,1,-1,1050
ockEcL,774,76,67,0,1,-1,1758
ockEcL,775,39,108,0,1,-1,4811
ockEcL,776,206,227,0,1,-1,2347
ockEcL,777,70,101,0,1,-1,9826
ockEcL,778,191,219,0,1,-1,3188
ockEcL,779,173,115,0,1,-1,600
ockEcL,780,118,175,0,1,-1,8184
ockEcL,781,174,219,0,1,-1,5475
ockEcL,782,220,214,0,1,-1,4141
ockEcL,783,203,12,0,1,-1,960
ockEcL,784,220,122,0,1,-1,1549
ockEcL,785,144,225,0,1,-1,790
ockEcL,786,16,208,0,1,-1,565
ockEcL,787,45,206,0,1,-1,6539
ockEcL,788,209,63,0,1,-1,6206
ockEcL,789,215,32,0,1,-1,8637
ockEcL,790,6,60,0,1,-1,7038
ockEcL,791,142,23,0,1,-1,5503
ockEcL,792,194,213,0,1,-1,7589
ockEcL,793,40,240,0,1,-1,7330
ockEcL,794,168,155,0,1,-1,2189
ockEcL,795,202,31,0,1,-1,2270
ockEcL,796,63,18,0,1,-1,450
ockEcL,797,249,32,0,1,-1,3569
ockEcL,798,222,137,0,1,-1,1068
ockEcL,799,116,139,0,1,-1,7640
ockEcL,800,165,154,0,1,-1,5492
ockEcL,801,116,218,0,1,-1,2208
ockEcL,802,107,75,0,1,-1,238
ockEcL,803,51,238,0,1,-1,6327
ockEcL,804,142,77,0,1,-1,9482
ockEcL,805,45,228,0,1,-1,6720
ockEcL,806,3,26,0,1,-1,2039
ockEcL,807,142,97,0,1,-1,4089
ockEcL,808,243,207,0,1,-1,9470
ockEcL,809,96,150,0,1,-1,9402
ockEcL,810,182,185,0,1,-1,4960
ockEcL,811,82,86,0,1,-1,8809
ockEcL,812,12,204,0,1,-1,3682
ockEcL,813,183,106,0,1,-1,5524
ockEcL,814,13,61,0,1,-1,6175
ockEcL,815,64,247,0,1,-1,5188
ockEcL,816,239,226,0,1,-1,8419
ockEcL,817,51,177,0,1,-1,2419
ockEcL,818,182,8,0,1,-1,2699
ockEcL,819,48,91,0,1,-1,4731
ockEcL,820,45,170,0,1,-1,4948
ockEcL,821,66,228,0,1,-1,207
ockEcL,822,231,61,0,1,-1,7846
ockEcL,823,50,238,0,1,-1,7498
ockEcL,824,179,90,0,1,-1,7833
ockEcL,825,4,120,0,1,-1,8252
ockEcL,826,144,205,0,1,-1,913
ockEcL,827,148,137,0,1,-1,7828
ockEcL,828,174,82,0,1,-1,1510
ockEcL,829,223,137,0,1,-1,9621
ockEcL,830,100,24,0,1,-1,2885
ockEcL,831,211,108,0,1,-1,7988
ockEcL,832,99,4,0,1,-1,6334
ockEcL,833,174,35,0,1,-1,9091
ockEcL,834,58,34,0,1,-1,7507
ockEcL,835,229,84,0,1,-1,7003
ockEcL,836,167,92,0,1,-1,8396
ockEcL,837,5,7,0,1,-1,2325
ockEcL,838,213,115,0,1,-1,7202
ockEcL,839,217,68,0,1,-1,553
ockEcL,840,200,177,0,1,-1,9802
ockEcL,841,136,3,0,1,-1,9779
ockEcL,842,44,187,0,1,-1,3104
ockEcL,843,148,180,0,1,-1,4257
ockEcL,844,48,100,0,1,-1,335
ockEcL,845,48,52,0,1,-1,8571
ockEcL,846,216,39,0,1,-1,7814
ockEcL,847,112,17,0,1,-1,1445
ockEcL,848,103,17,0,1,-1,7270
ockEcL,849,216,140,0,1,-1,2360
ockEcL,850,144,222,0,1,-1,1431
ockEcL,851,79,21,0,1,-1,2167
ockEcL,852,12,78,0,1,-1,2918
ockEcL,853,228,74,0,1,-1,8477
ockEcL,854,243,6,0,1,-1,7873
ockEcL,855,172,177,0,1,-1,8645
ockEcL,856,137,136,0,1,-1,6371
ockEcL,857,190,71,0,1,-1,1589
ockEcL,858,247,93,0,1,-1,5720
ockEcL,859,19,134,0,1,-1,9996
ockEcL,860,175,52,0,1,-1,2924
ockEcL,861,2,165,0,1,-1,3039
ockEcL,862,18,234,0,1,-1,8575
ockEcL,863,168,228,0,1,-1,7425
ockEcL,864,178,215,0,1,-1,9722
ockEcL,865,93,65,0,1,-1,756
ockEcL,866,196,150,0,1,-1,9814
ockEcL,867,158,147,0,1,-1,7502
ockEcL,868,185,155,0,1,-1,3125
ockEcL,869,135,211,0,1,-1,6112
ockEcL,870,58,127,0,1,-1,1659
ockEcL,871,115,124,0,1,-1,6632
ockEcL,872,77,43,0,1,-1,9148
ockEcL,873,221,50,0,1,-1,332
ockEcL,874,65,141,0,1,-1,7997
ockEcL,875,6,78,0,1,-1,7366
ockEcL,876,195,192,0,1,-1,4312
ockEcL,877,248,42,0,1,-1,6662
ockEcL,878,245,106,0,1,-1,7262
ockEcL,879,2,104,0,1,-1,5775
ockEcL,880,133,3,0,1,-1,2859
ockEcL,881,116,143,0,1,-1,8850
ockEcL,882,174,201,0,1,-1,5093
ockEcL,883,78,40,0,1,-1,4488
ockEcL,884,56,240,0,1,-1,2659
ockEcL,885,74,72,0,1,-1,7925
ockEcL,886,195,39,0,1,-1,8360
ockEcL,887,36,88,0,1,-1,4206
ockEcL,888,165,2,0,1,-1,3469
ockEcL,889,111,58,0,1,-1,3284
ockEcL,890,232,28,0,1,-1,9234
ockEcL,891,145,103,0,1,-1,4608
ockEcL,892,35,59,0,1,-1,4593
ockEcL,893,213,52,0,1,-1,1877
ockEcL,894,127,133,0,1,-1,1346
ockEcL,895,123,106,0,1,-1,6872
ockEcL,896,126,49,0,1,-1,6709
ockEcL,897,143,10,0,1,-1,2956
ockEcL,898,141,194,0,1,-1,769
ockEcL,899,139,106,0,1,-1,2532
ockEcL,900,99,95,0,1,-1,1364
ockEcL,901,111,65,0,1,-1,1966
ockEcL,902,90,186,0,1,-1,888
ockEcL,903,25,53,0,1,-1,2624
ockEcL,904,154,7,0,1,-1,7952
ockEcL,905,10,80,0,1,-1,8931
ockEcL,906,148,27,0,1,-1,8562
ockEcL,907,177,6,0,1,-1,5626
ockEcL,908,46,97,0,1,-1,7202
ockEcL,909,176,230,0,1,-1,6624
ockEcL,910,73,9,0,1,-1,2458
ockEcL,911,27,182,0,1,-1,2201
ockEcL,912,201,184,0,1,-1,2260
ockEcL,913,128,56,0,1,-1,1752
ockEcL,914,99,125,0,1,-1,7991
ockEcL,915,1,150,0,1,-1,8397
ockEcL,916,36,33,0,1,-1,9488
ockEcL,917,92,182,0,1,-1,8645
ockEcL,918,111,32,0,1,-1,2725
ockEcL,919,141,41,0,1,-1,5478
ockEcL,920,9,113,0,1,-1,9814
ockEcL,921,234,62,0,1,-1,8369
ockEcL,922,236,137,0,1,-1,2512
ockEcL,923,103,50,0,1,-1,8216
ockEcL,924,190,162,0,1,-1,7871
ockEcL,925,118,6,0,1,-1,4537
ockEcL,926,75,194,0,1,-1,9515
ockEcL,927,194,242,0,1,-1,805
ockEcL,928,172,221,0,1,-1,1609
ockEcL,929,183,235,0,1,-1,9881
ockEcL,930,151,174,0,1,-1,4586
ockEcL,931,175,249,0,1,-1,644
ockEcL,932,27,117,0,1,-1,4116
ockEcL,933,145,118,0,1,-1,6970
ockEcL,934,247,126,0,1,-1,9976
ockEcL,935,176,91,0,1,-1,8800
ockEcL,936,213,237,0,1,-1,7469
ockEcL,937,49,30,0,1,-1,6333
ockEcL,938,63,99,0,1,-1,4568
ockEcL,939,147,55,0,1,-1,9216
ockEcL,940,240,6,0,1,-1,199
ockEcL,941,18,0,0,1,-1,3465
ockEcL,942,113,127,0,1,-1,2071
ockEcL,943,240,123,0,1,-1,1240
ockEcL,944,47,197,0,1,-1,6124
ockEcL,945,76,71,0,1,-1,5126
ockEcL,946,245,220,0,1,-1,9810
ockEcL,947,150,74,0,1,-1,113
ockEcL,948,117,237,0,1,-1,4204
ockEcL,949,83,17,0,1,-1,7092
ockEcL,950,212,112,0,1,-1,8301
ockEcL,951,55,47,0,1,-1,9094
ockEcL,952,246,186,0,1,-1,4825
ockEcL,953,73,228,0,1,-1,2971
ockEcL,954,139,78,0,1,-1,8306
ockEcL,955,23,103,0,1,-1,7794
ockEcL,956,39,186,0,1,-1,8016
ockEcL,957,46,220,0,1,-1,5091
ockEcL,958,101,190,0,1,-1,4954
ockEcL,959,64,143,0,1,-1,7452
ockEcL,960,242,15,0,1,-1,7113
ockEcL,961,226,88,0,1,-1,2847
ockEcL,962,27,211,0,1,-1,2566
ockEcL,963,149,143,0,1,-1,1871
ockEcL,964,3,245,0,1,-1,4618
ockEcL,965,179,64,0,1,-1,5590
ockEcL,966,170,145,0,1,-1,5010
ockEcL,967,94,213,0,1,-1,4525
ockEcL,968,72,42,0,1,-1,956
ockEcL,969,78,139,0,1,-1,7985
ockEcL,970,139,229,0,1,-1,3189
ockEcL,971,57,50,0,1,-1,9105
ockEcL,972,119,88,0,1,-1,248
ockEcL,973,0,52,0,1,-1,830
ockEcL,974,106,64,0,1,-1,9835
ockEcL,975,214,236,0,1,-1,6630
ockEcL,976,76,145,0,1,-1,2530
ockEcL,977,102,40,0,1,-1,3200
ockEcL,978,239,172,0,1,-1,5721
ockEcL,979,212,137,0,1,-1,9982
ockEcL,980,154,248,0,1,-1,9039
ockEcL,981,43,197,0,1,-1,8030
ockEcL,982,50,242,0,1,-1,3092
ockEcL,983,219,40,0,1,-1,561
ockEcL,984,168,126,0,1,-1,1616
ockEcL,985,157,44,0,1,-1,7239
ockEcL,986,45,38,0,1,-1,3543
ockEcL,987,188,125,0,1,-1,6330
ockEcL,988,10,138,0,1,-1,9654
ockEcL,989,146,4,0,1,-1,9649
ockEcL,990,52,168,0,1,-1,1753
ockEcL,991,180,32,0,1,-1,2510
ockEcL,992,135,235,0,1,-1,254
ockEcL,993,88,101,0,1,-1,3551
ockEcL,994,120,135,0,1,-1,14
ockEcL,995,90,163,0,1,-1,2885
ockEcL,996,205,103,0,1,-1,7288
ockEcL,997,160,6,0,1,-1,2216
ockEcL,998,113,166,0,1,-1,5204
ockEcL,999,73,131,0,1,-1,8589
ockEcL,1000,27,19,0,1,-1,6801
ockEcL,1001,227,85,0,1,-1,7767
ockEcL,1002,248,0,0,1,-1,3839
ockEcL,1003,65,231,0,1,-1,7466
ockEcL,1004,135,176,0,1,-1,5302
ockEcL,1005,216,242,0,1,-1,6084
ockEcL,1006,1,99,0,1,-1,3017
ockEcL,1007,126,116,0,1,-1,218
ockEcL,1008,241,167,0,1,-1,8717
ockEcL,1009,190,218,0,1,-1,9778
ockEcL,1010,49,248,0,1,-1,9131
ockEcL,1011,169,74,0,1,-1,3844
ockEcL,1012,212,156,0,1,-1,240
ockEcL,1013,108,88,0,1,-1,661
ockEcL,1014,158,96,0,1,-1,2714
ockEcL,1015,43,144,0,1,-1,9674
ockEcL,1016,247,214,0,1,-1,2973
ockEcL,1017,207,174,0,1,-1,1169
ockEcL,1018,68,79,0,1,-1,179
ockEcL,1019,128,179,0,1,-1,6737
ockEcL,1020,96,159,0,1,-1,6354
ockEcL,1021,117,160,0,1,-1,3355
ockEcL,1022,22,59,0,1,-1,7922
ockEcL,1023,117,193,0,1,-1,4011
ockEcL,1024,55,217,0,1,-1,3491
ockEcL,1025,44,33,0,1,-1,1171
ockEcL,1026,221,103,0,1,-1,1205
ockEcL,1027,209,65,0,1,-1,7900
ockEcL,1028,149,201,0,1,-1,6871
ockEcL,1029,224,37,0,1,-1,7015
ockEcL,1030,168,42,0,1,-1,8705
ockEcL,1031,63,236,0,1,-1,8580
ockEcL,1032,192,189,0,1,-1,4230
ockEcL,1033,5,81,0,1,-1,7708
ockEcL,1034,41,205,0,1,-1,6631
ockEcL,1035,96,249,0,1,-1,1840
ockEcL,1036,26,134,0,1,-1,5856
ockEcL,1037,59,105,0,1,-1,5270
ockEcL,1038,26,193,0,1,-1,2219
ockEcL,1039,109,22,0,1,-1,718
ockEcL,1040,10,188,0,1,-1,6904
ockEcL,1041,49,231,0,1,-1,7769
ockEcL,1042,123,158,0,1,-1,3930
ockEcL,1043,241,206,0,1,-1,9526
ockEcL,1044,12,188,0,1,-1,5572
ockEcL,1045,197,206,0,1,-1,4847
ockEcL,1046,210,28,0,1,-1,5967
ockEcL,1047,163,9,0,1,-1,6079
ockEcL,1048,32,117,0,1,-1,3872
ockEcL,1049,147,186,0,1,-1,2976
ockEcL,1050,103,110,0,1,-1,3607
ockEcL,1051,75,132,0,1,-1,7664
ockEcL,1052,225,223,0,1,-1,6548
ockEcL,1053,247,18,0,1,-1,8360
ockEcL,1054,43,112,0,1,-1,5615
ockEcL,1055,158,185,0,1,-1,6707
ockEcL,1056,42,187,0,1,-1,4492
ockEcL,1057,118,32,0,1,-1,4173
ockEcL,1058,75,239,0,1,-1,8162
ockEcL,1059,191,80,0,1,-1,1094
ockEcL,1060,8,40,0,1,-1,7422
ockEcL,1061,84,130,0,1,-1,4804
ockEcL,1062,91,247,0,1,-1,7656
ockEcL,1063,202,113,0,1,-1,9369
ockEcL,1064,195,157,0,1,-1,9762
ockEcL,1065,79,248,0,1,-1,9726
ockEcL,1066,108,119,0,1,-1,754
ockEcL,1067,133,136,0,1,-1,1382
ockEcL,1068,228,117,0,1,-1,7839
ockEcL,1069,1,141,0,1,-1,9725
ockEcL,1070,196,189,0,1,-1,7777
ockEcL,1071,121,159,0,1,-1,9673
ockEcL,1072,81,248,0,1,-1,3098
ockEcL,1073,209,104,0,1,-1,3343
ockEcL,1074,190,7,0,1,-1,1372
ockEcL,1075,186,188,0,1,-1,9965
ockEcL,1076,88,143,0,1,-1,976
ockEcL,1077,183,182,0,1,-1,63
ockEcL,1078,220,4,0,1,-1,5380
ockEcL,1079,93,210,0,1,-1,3113
ockEcL,1080,33,43,0,1,-1,8461
ockEcL,1081,49,135,0,1,-1,4207
ockEcL,1082,129,82,0,1,-1,3345
ockEcL,1083,241,42,0,1,-1,5413
ockEcL,1084,84,245,0,1,-1,855
ockEcL,1085,146,43,0,1,-1,7883
ockEcL,1086,184,122,0,1,-1,640
ockEcL,1087,130,82,0,1,-1,1969
ockEcL,1088,145,142,0,1,-1,9929
ockEcL,1089,2,111,0,1,-1,9098
ockEcL,1090,157,179,0,1,-1,8099
ockEcL,1091,38,72,0,1,-1,3461
ockEcL,1092,205,167,0,1,-1,6606
ockEcL,1093,176,203,0,1,-1,4897
ockEcL,1094,100,195,0,1,-1,3133
ockEcL,1095,52,42,0,1,-1,4162
ockEcL,1096,235,13,0,1,-1,349
ockEcL,1097,22,49,0,1,-1,5449
ockEcL,1098,54,91,0,1,-1,2565
ockEcL,1099,170,214,0,1,-1,8424
ockEcL,1100,8,18,0,1,-1,3262
ockEcL,1101,218,79,0,1,-1,4009
ockEcL,1102,173,188,0,1,-1,5665
ockEcL,1103,174,219,0,1,-1,4139
ockEcL,1104,50,158,0,1,-1,3339
ockEcL,1105,210,161,0,1,-1,5440
ockEcL,1106,58,159,0,1,-1,1714
ockEcL,1107,172,113,0,1,-1,9778
ockEcL,1108,198,4,0,1,-1,3912
ockEcL,1109,97,160,0,1,-1,1012
ockEcL,1110,34,70,0,1,-1,39
ockEcL,1111,91,122,0,1,-1,2599
ockEcL,1112,51,189,0,1,-1,8402
ockEcL,1113,13,203,0,1,-1,2073
ockEcL,1114,212,111,0,1,-1,1053
ockEcL,1115,185,32,0,1,-1,8058
ockEcL,1116,101,27,0,1,-1,1079
ockEcL,1117,90,62,0,1,-1,6420
ockEcL,1118,198,232,0,1,-1,9772
ockEcL,1119,19,119,0,1,-1,8600
ockEcL,1120,134,57,0,1,-1,5601
ockEcL,1121,126,109,0,1,-1,1250
ockEcL,1122,109,243,0,1,-1,4949
ockEcL,1123,184,58,0,1,-1,1139
ockEcL,1124,88,228,0,1,-1,8925
ockEcL,1125,1,245,0,1,-1,8464
ockEcL,1126,151,195,0,1,-1,586
ockEcL,1127,242,177,0,1,-1,9051
ockEcL,1128,142,62,0,1,-1,9086
ockEcL,1129,205,193,0,1,-1,7580
ockEcL,1130,59,104,0,1,-1,121
ockEcL,1131,108,113,0,1,-1,6649
ockEcL,1132,150,50,0,1,-1,7735
ockEcL,1133,122,51,0,1,-1,6937
ockEcL,1134,120,188,0,1,-1,5669
ockEcL,1135,54,151,0,1,-1,6417
ockEcL,1136,1,38,0,1,-1,293
ockEcL,1137,22,210,0,1,-1,778
ockEcL,1138,82,226,0,1,-1,8449
ockEcL,1139,221,79,0,1,-1,7888
ockEcL,1140,14,203,0,1,-1,6153
ockEcL,1141,161,25,0,1,-1,3999
ockEcL,1142,5,147,0,1,-1,7556
ockEcL,1143,234,202,0,1,-1,1899
ockEcL,1144,122,31,0,1,-1,7962
ockEcL,1145,168,181,0,1,-1,1054
ockEcL,1146,153,237,0,1,-1,8729
ockEcL,1147,132,105,0,1,-1,2792
ockEcL,1148,132,107,0,1,-1,3566
ockEcL,1149,47,73,0,1,-1,3881
ockEcL,1150,147,195,0,1,-1,7583
ockEcL,1151,143,150,0,1,-1,9367
ockEcL,1152,169,216,0,1,-1,1296
ockEcL,1153,140,128,0,1,-1,5050
ockEcL,1154,163,101,0,1,-1,2226
ockEcL,1155,114,23,0,1,-1,2772
ockEcL,1156,243,157,0,1,-1,816
ockEcL,1157,141,21,0,1,-1,4279
ockEcL,1158,241,217,0,1,-1,5863
ockEcL,1159,195,101,0,1,-1,551
ockEcL,1160,163,53,0,1,-1,7607
ockEcL,1161,125,184,0,1,-1,5491
ockEcL,1162,18,57,0,1,-1,3532
ockEcL,1163,63,160,0,1,-1,9542
ockEcL,1164,225,48,0,1,-1,4612
ockEcL,1165,166,91,0,1,-1,2823
ockEcL,1166,234,145,0,1,-1,6948
ockEcL,1167,44,112,0,1,-1,6058
ockEcL,1168,122,192,0,1,-1,3766
ockEcL,1169,139,123,0,1,-1,230
ockEcL,1170,103,52,0,1,-1,5267
ockEcL,1171,113,58,0,1,-1,5561
ockEcL,1172,227,207,0,1,-1,7784
ockEcL,1173,232,106,0,1,-1,6693
ockEcL,1174,140,189,0,1,-1,581
ockEcL,1175,37,174,0,1,-1,5893
ockEcL,1176,122,127,0,1,-1,3381
ockEcL,1177,3,205,0,1,-1,2581
ockEcL,1178,79,43,0,1,-1,7956
ockEcL,1179,168,124,0,1,-1,2853
ockEcL,1180,155,14,0,1,-1,3327
ockEcL,1181,81,143,0,1,-1,7204
ockEcL,1182,217,144,0,1,-1,561
ockEcL,1183,146,38,0,1,-1,1386
ockEcL,1184,9,79,0,1,-1,4100
ockEcL,1185,63,114,0,1,-1,9439
ockEcL,1186,194,192,0,1,-1,3531
ockEcL,1187,244,89,0,1,-1,7687
ockEcL,1188,230,78,0,1,-1,4715
ockEcL,1189,98,2,0,1,-1,1709
ockEcL,1190,99,242,0,1,-1,2194
ockEcL,1191,17,57,0,1,-1,8650
ockEcL,1192,28,128,0,1,-1,6085
ockEcL,1193,48,208,0,1,-1,6428
ockEcL,1194,226,76,0,1,-1,7088
ockEcL,1195,228,233,0,1,-1,1629
ockEcL,1196,240,118,0,1,-1,6678
ockEcL,1197,66,16,0,1,-1,1866
ockEcL,1198,200,248,0,1,-1,104
ockEcL,1199,32,249,0,1,-1,530
ockEcL,1200,14,246,0,1,-1,3146
ockEcL,1201,113,92,0,1,-1,3715
ockEcL,1202,133,204,0,1,-1,1796
ockEcL,1203,123,124,0,1,-1,6803
ockEcL,1204,117,34,0,1,-1,4114
ockEcL,1205,106,45,0,1,-1,5116
ockEcL,1206,223,97,0,1,-1,8235
ockEcL,1207,145,129,0,1,-1,6509
ockEcL,1208,50,175,0,1,-1,7928
ockEcL,1209,182,171,0,1,-1,4285
ockEcL,1210,111,180,0,1,-1,4980
ockEcL,1211,5,248,0,1,-1,3439
ockEcL,1212,42,230,0,1,-1,5167
ockEcL,1213,24,244,0,1,-1,5403
ockEcL,1214,210,234,0,1,-1,5536
ockEcL,1215,126,224,0,1,-1,8217
ockEcL,1216,156,80,0,1,-1,1985
ockEcL,1217,77,60,0,1,-1,4001
ockEcL,1218,131,156,0,1,-1,4197
ockEcL,1219,199,120,0,1,-1,4188
ockEcL,1220,146,40,0,1,-1,5853
ockEcL,1221,161,116,0,1,-1,2358
ockEcL,1222,50,152,0,1,-1,9642
ockEcL,1223,126,166,0,1,-1,7268
ockEcL,1224,135,51,0,1,-1,703
ockEcL,1225,176,22,0,1,-1,2533
ockEcL,1226,74,24,0,1,-1,9003
ockEcL,1227,96,51,0,1,-1,8351
ockEcL,1228,162,84,0,1,-1,8287
ockEcL,1229,100,190,0,1,-1,5259
ockEcL,1230,245,171,0,1,-1,8177
ockEcL,1231,206,152,0,1,-1,5169
ockEcL,1232,1,192,0,1,-1,1358
ockEcL,1233,59,153,0,1,-1,3407
ockEcL,1234,222,159,0,1,-1,6975
ockEcL,1235,236,150,0,1,-1,9807
ockEcL,1236,184,228,0,1,-1,74
ockEcL,1237,247,81,0,1,-1,3318
ockEcL,1238,26,231,0,1,-1,7839
ockEcL,1239,94,88,0,1,-1,3382
ockEcL,1240,166,144,0,1,-1,358
ockEcL,1241,101,20,0,1,-1,3782
ockEcL,1242,4,113,0,1,-1,1462
ockEcL,1243,114,14,0,1,-1,4166
ockEcL,1244,42,247,0,1,-1,3405
ockEcL,1245,97,141,0,1,-1,9981
ockEcL,1246,56,231,0,1,-1,2577
ockEcL,1247,116,220,0,1,-1,4034
ockEcL,1248,180,41,0,1,-1,5911
ockEcL,1249,126,191,0,1,-1,3104
ockEcL,1250,107,89,0,1,-1,6473
ockEcL,1251,92,107,0,1,-1,3895
ockEcL,1252,10,202,0,1,-1,5269
ockEcL,1253,177,211,0,1,-1,3265
ockEcL,1254,58,226,0,1,-1,1010
ockEcL,1255,240,18,0,1,-1,6818
ockEcL,1256,37,160,0,1,-1,8133
ockEcL,1257,62,65,0,1,-1,6404
ockEcL,1258,70,45,0,1,-1,2964
ockEcL,1259,243,227,0,1,-1,346
ockEcL,1260,221,230,0,1,-1,1761
ockEcL,1261,224,157,0,1,-1,3572
ockEcL,1262,185,60,0,1,-1,6850
ockEcL,1263,191,152,0,1,-1,3594
ockEcL,1264,16,207,0,1,-1,2628
ockEcL,1265,178,102,0,1,-1,8073
ockEcL,1266,108,91,0,1,-1,437
ockEcL,1267,48,48,0,1,-1,5804
ockEcL,1268,116,65,0,1,-1,8128
ockEcL,1269,141,59,0,1,-1,1732
ockEcL,1270,129,123,0,1,-1,2659
ockEcL,1271,92,137,0,1,-1,7390
ockEcL,1272,103,72,0,1,-1,5807
ockEcL,1273,126,27,0,1,-1,838
ockEcL,1274,121,167,0,1,-1,4096
ockEcL,1275,86,144,0,1,-1,2078
ockEcL,1276,164,75,0,1,-1,8480
ockEcL,1277,0,231,0,1,-1,2369
ockEcL,1278,127,111,0,1,-1,2342
ockEcL,1279,78,229,0,1,-1,5174
ockEcL,1280,195,119,0,1,-1,6755
ockEcL,1281,126,227,0,1,-1,6183
ockEcL,1282,72,240,0,1,-1,4523
ockEcL,1283,56,200,0,1,-1,7921
ockEcL,1284,196,155,0,1,-1,6285
ockEcL,1285,238,217,0,1,-1,513
ockEcL,1286,190,179,0,1,-1,7056
ockEcL,1287,174,6,0,1,-1,6262
ockEcL,1288,43,144,0,1,-1,4245
ockEcL,1289,189,130,0,1,-1,3949
ockEcL,1290,90,115,0,1,-1,4263
ockEcL,1291,12,40,0,1,-1,2875
ockEcL,1292,137,143,0,1,-1,9665
ockEcL,1293,142,183,0,1,-1,2154
ockEcL,1294,136,14,0,1,-1,6375
ockEcL,1295,208,50,0,1,-1,961
ockEcL,1296,75,212,0,1,-1,4050
ockEcL,1297,38,124,0,1,-1,2422
ockEcL,1298,220,100,0,1,-1,5365
ockEcL,1299,120,59,0,1,-1,8828
ockEcL,1300,44,84,0,1,-1,1391
ockEcL,1301,98,194,0,1,-1,7920
ockEcL,1302,168,31,0,1,-1,5053
ockEcL,1303,179,167,0,1,-1,6849
ockEcL,1304,129,249,0,1,-1,1129
ockEcL,1305,79,192,0,1,-1,1610
ockEcL,1306,120,190,0,1,-1,47
ockEcL,1307,227,24,0,1,-1,1557
ockEcL,1308,135,98,0,1,-1,4675
ockEcL,1309,102,208,0,1,-1,5015
ockEcL,1310,216,225,0,1,-1,5904
ockEcL,1311,27,221,0,1,-1,8911
ockEcL,1312,70,161,0,1,-1,3115
ockEcL,1313,42,188,0,1,-1,4197
ockEcL,1314,113,0,0,1,-1,1204
ockEcL,1315,78,214,0,1,-1,6779
ockEcL,1316,226,79,0,1,-1,4649
ockEcL,1317,120,140,0,1,-1,1658
ockEcL,1318,88,86,0,1,-1,6805
ockEcL,1319,130,79,0,1,-1,7109
ockEcL,1320,53,85,0,1,-1,6203
ockEcL,1321,82,156,0,1,-1,6806
ockEcL,1322,130,107,0,1,-1,560
ockEcL,1323,128,72,0,1,-1,9497
ockEcL,1324,9,5,0,1,-1,2678
ockEcL,1325,106,99,0,1,-1,1951
ockEcL,1326,178,245,0,1,-1,2608
ockEcL,1327,110,155,0,1,-1,6284
ockEcL,1328,134,206,0,1,-1,5511
ockEcL,1329,16,43,0,1,-1,5876
ockEcL,1330,66,129,0,1,-1,3429
ockEcL,1331,204,125,0,1,-1,9723
ockEcL,1332,1,243,0,1,-1,8463
ockEcL,1333,201,106,0,1,-1,6673
ockEcL,1334,96,248,0,1,-1,2017
ockEcL,1335,189,4,0,1,-1,7524
ockEcL,1336,74,168,0,1,-1,4392
ockEcL,1337,128,128,0,1,-1,286
ockEcL,1338,157,204,0,1,-1,3094
ockEcL,1339,129,134,0,1,-1,2127
ockEcL,1340,103,242,0,1,-1,4202
ockEcL,1341,129,125,0,1,-1,2219
ockEcL,1342,116,146,0,1,-1,61
ockEcL,1343,68,97,0,1,-1,2950
ockEcL,1344,122,49,0,1,-1,5111
ockEcL,1345,2,97,0,1,-1,1168
ockEcL,1346,138,10,0,1,-1,9887
ockEcL,1347,207,246,0,1,-1,883
ockEcL,1348,119,155,0,1,-1,332
ockEcL,1349,178,220,0,1,-1,3872
ockEcL,1350,116,243,0,1,-1,6416
ockEcL,1351,135,63,0,1,-1,349
ockEcL,1352,48,68,0,1,-1,6176
ockEcL,1353,191,61,0,1,-1,3572
ockEcL,1354,90,23,0,1,-1,572
ockEcL,1355,151,104,0,1,-1,1889
ockEcL,1356,182,249,0,1,-1,9696
ockEcL,1357,194,119,0,1,-1,461
ockEcL,1358,99,208,0,1,-1,148
ockEcL,1359,79,162,0,1,-1,3928
ockEcL,1360,86,4,0,1,-1,2423
ockEcL,1361,135,199,0,1,-1,4861
ockEcL,1362,145,0,0,1,-1,3240
ockEcL,1363,193,231,0,1,-1,5864
ockEcL,1364,239,213,0,1,-1,6377
ockEcL,1365,42,120,0,1,-1,4906
ockEcL,1366,150,132,0,1,-1,4824
ockEcL,1367,175,74,0,1,-1,1044
ockEcL,1368,21,203,0,1,-1,4905
ockEcL,1369,88,53,0,1,-1,6509
ockEcL,1370,142,64,0,1,-1,8325
ockEcL,1371,126,148,0,1,-1,3562
ockEcL,1372,107,169,0,1,-1,4143
ockEcL,1373,28,40,0,1,-1,7187
ockEcL,1374,75,127,0,1,-1,6078
ockEcL,1375,163,23,0,1,-1,8120
ockEcL,1376,216,224,0,1,-1,8933
ockEcL,1377,176,112,0,1,-1,9001
ockEcL,1378,114,48,0,1,-1,2265
ockEcL,1379,176,32,0,1,-1,1473
ockEcL,1380,152,242,0,1,-1,7078
ockEcL,1381,185,99,0,1,-1,8646
ockEcL,1382,134,171,0,1,-1,2277
ockEcL,1383,27,238,0,1,-1,334
ockEcL,1384,140,8,0,1,-1,9447
ockEcL,1385,11,112,0,1,-1,829
ockEcL,1386,107,198,0,1,-1,4559
ockEcL,1387,249,41,0,1,-1,2724
ockEcL,1388,212,30,0,1,-1,2474
ockEcL,1389,170,149,0,1,-1,4969
ockEcL,1390,169,186,0,1,-1,8011
ockEcL,1391,125,48,0,1,-1,7692
ockEcL,1392,138,131,0,1,-1,6858
ockEcL,1393,114,137,0,1,-1,6480
ockEcL,1394,47,10,0,1,-1,5193
ockEcL,1395,162,181,0,1,-1,2029
ockEcL,1396,240,31,0,1,-1,5697
ockEcL,1397,26,192,0,1,-1,5655
ockEcL,1398,35,89,0,1,-1,1756
ockEcL,1399,189,206,0,1,-1,8175
ockEcL,1400,29,146,0,1,-1,412
ockEcL,1401,60,186,0,1,-1,1894
ockEcL,1402,206,175,0,1,-1,7252
ockEcL,1403,7,8,0,1,-1,5370
ockEcL,1404,10,55,0,1,-1,2381
ockEcL,1405,72,165,0,1,-1,3179
ockEcL,1406,58,229,0,1,-1,3037
ockEcL,1407,59,62,0,1,-1,6477
ockEcL,1408,32,167,0,1,-1,2562
ockEcL,1409,214,70,0,1,-1,9368
ockEcL,1410,231,167,0,1,-1,7561
ockEcL,1411,32,176,0,1,-1,2815
ockEcL,1412,31,222,0,1,-1,899
ockEcL,1413,138,145,0,1,-1,3970
ockEcL,1414,68,149,0,1,-1,4282
ockEcL,1415,150,99,0,1,-1,8465
ockEcL,1416,35,192,0,1,-1,8056
ockEcL,1417,111,153,0,1,-1,6630
ockEcL,1418,44,32,0,1,-1,7264
ockEcL,1419,105,198,0,1,-1,204
ockEcL,1420,235,69,0,1,-1,690
ockEcL,1421,92,6,0,1,-1,4954
ockEcL,1422,126,68,0,1,-1,7926
ockEcL,1423,139,229,0,1,-1,5320
ockEcL,1424,126,178,0,1,-1,4
ockEcL,1425,36,247,0,1,-1,6030
ockEcL,1426,225,116,0,1,-1,6807
ockEcL,1427,132,26,0,1,-1,6009
ockEcL,1428,82,145,0,1,-1,4152
ockEcL,1429,40,145,0,1,-1,2326
ockEcL,1430,149,217,0,1,-1,8310
ockEcL,1431,198,9,0,1,-1,315
ockEcL,1432,179,194,0,1,-1,6458
ockEcL,1433,80,106,0,1,-1,848
ockEcL,1434,234,93,0,1,-1,4332
ockEcL,1435,147,103,0,1,-1,1207
ockEcL,1436,236,201,0,1,-1,5803
ockEcL,1437,114,51,0,1,-1,2699
ockEcL,1438,79,87,0,1,-1,7581
ockEcL,1439,115,114,0,1,-1,7233
ockEcL,1440,162,84,0,1,-1,3600
ockEcL,1441,159,178,0,1,-1,7885
ockEcL,1442,126,122,0,1,-1,5531
ockEcL,1443,32,5,0,1,-1,1422
ockEcL,1444,88,21,0,1,-1,1384
ockEcL,1445,106,119,0,1,-1,299
ockEcL,1446,4,214,0,1,-1,4277
ockEcL,1447,6,90,0,1,-1,7320
ockEcL,1448,1,130,0,1,-1,2410
ockEcL,1449,86,140,0,1,-1,608
ockEcL,1450,70,241,0,1,-1,4681
ockEcL,1451,99,21,0,1,-1,7949
ockEcL,1452,29,233,0,1,-1,1376
ockEcL,1453,153,139,0,1,-1,1372
ockEcL,1454,164,36,0,1,-1,3572
ockEcL,1455,19,241,0,1,-1,2724
ockEcL,1456,137,94,0,1,-1,5036
ockEcL,1457,91,101,0,1,-1,9881
ockEcL,1458,107,248,0,1,-1,3993
ockEcL,1459,228,104,0,1,-1,6281
ockEcL,1460,140,118,0,1,-1,3188
ockEcL,1461,92,58,0,1,-1,2025
ockEcL,1462,74,190,0,1,-1,9841
ockEcL,1463,101,127,0,1,-1,8056
ockEcL,1464,173,222,0,1,-1,8435
ockEcL,1465,135,49,0,1,-1,5321
ockEcL,1466,107,42,0,1,-1,8018
ockEcL,1467,146,112,0,1,-1,8836
ockEcL,1468,76,144,0,1,-1,715
ockEcL,1469,120,49,0,1,-1,2881
ockEcL,1470,186,162,0,1,-1,2799
ockEcL,1471,99,99,0,1,-1,3037
ockEcL,1472,128,221,0,1,-1,952
ockEcL,1473,33,163,0,1,-1,4686
ockEcL,1474,229,73,0,1,-1,872
ockEcL,1475,40,138,0,1,-1,4179
ockEcL,1476,92,22,0,1,-1,9766
ockEcL,1477,248,182,0,1,-1,7445
ockEcL,1478,247,155,0,1,-1,6538
ockEcL,1479,198,14,0,1,-1,7715
ockEcL,1480,116,235,0,1,-1,8889
ockEcL,1481,7,166,0,1,-1,9531
ockEcL,1482,156,61,0,1,-1,4510
ockEcL,1483,106,36,0,1,-1,9157
ockEcL,1484,189,197,0,1,-1,3758
ockEcL,1485,89,93,0,1,-1,7423
ockEcL,1486,154,119,0,1,-1,7482
ockEcL,1487,215,117,0,1,-1,5367
ockEcL,1488,150,218,0,1,-1,7478
ockEcL,1489,210,5,0,1,-1,6189
ockEcL,1490,73,10,0,1,-1,3435
ockEcL,1491,1,138,0,1,-1,2817
ockEcL,1492,5,38,0,1,-1,3974
ockEcL,1493,237,72,0,1,-1,6860
ockEcL,1494,50,185,0,1,-1,3856
ockEcL,1495,86,229,0,1,-1,8857
ockEcL,1496,235,155,0,1,-1,5523
ockEcL,1497,126,111,0,1,-1,1593
ockEcL,1498,220,73,0,1,-1,5829
ockEcL,1499,111,82,0,1,-1,616
ockEcL,1500,228,210,0,1,-1,7302
ockEcL,1501,0,55,0,1,-1,769
ockEcL,1502,122,71,0,1,-1,3259
ockEcL,1503,13,223,0,1,-1,2025
ockEcL,1504,212,47,0,1,-1,8514
ockEcL,1505,157,81,0,1,-1,7763
ockEcL,1506,192,210,0,1,-1,9271
ockEcL,1507,76,91,0,1,-1,313
ockEcL,1508,17,146,0,1,-1,7390
ockEcL,1509,63,94,0,1,-1,9839
ockEcL,1510,217,177,0,1,-1,8803
ockEcL,1511,215,52,0,1,-1,6589
ockEcL,1512,42,65,0,1,-1,426
ockEcL,1513,197,96,0,1,-1,6031
ockEcL,1514,93,205,0,1,-1,6977
ockEcL,1515,58,36,0,1,-1,9875
ockEcL,1516,234,218,0,1,-1,7762
ockEcL,1517,93,132,0,1,-1,2619
ockEcL,1518,23,24,0,1,-1,2607
ockEcL,1519,93,34,0,1,-1,6228
ockEcL,1520,240,178,0,1,-1,772
ockEcL,1521,230,207,0,1,-1,5433
ockEcL,1522,244,136,0,1,-1,1452
ockEcL,1523,204,211,0,1,-1,392
ockEcL,1524,153,105,0,1,-1,5202
ockEcL,1525,35,0,0,1,-1,4615
ockEcL,1526,211,220,0,1,-1,5351
ockEcL,1527,8,168,0,1,-1,9195
ockEcL,1528,171,8,0,1,-1,6244
ockEcL,1529,132,5,0,1,-1,2124
ockEcL,1530,118,110,0,1,-1,1999
ockEcL,1531,167,218,0,1,-1,9312
ockEcL,1532,237,138,0,1,-1,4871
ockEcL,1533,196,241,0,1,-1,9263
ockEcL,1534,112,101,0,1,-1,733
ockEcL,1535,80,79,0,1,-1,4388
ockEcL,1536,174,121,0,1,-1,1559
ockEcL,1537,241,41,0,1,-1,7531
ockEcL,1538,107,49,0,1,-1,7302
ockEcL,1539,205,215,0,1,-1,7212
ockEcL,1540,246,130,0,1,-1,2992
ockEcL,1541,196,229,0,1,-1,2939
ockEcL,1542,119,122,0,1,-1,4194
ockEcL,1543,245,206,0,1,-1,6999
ockEcL,1544,31,173,0,1,-1,3354
ockEcL,1545,198,28,0,1,-1,4804
ockEcL,1546,73,116,0,1,-1,907
ockEcL,1547,230,145,0,1,-1,5503
ockEcL,1548,64,235,0,1,-1,9694
ockEcL,1549,220,212,0,1,-1,3975
ockEcL,1550,196,183,0,1,-1,5690
ockEcL,1551,197,108,0,1,-1,6561
ockEcL,1552,15,172,0,1,-1,4444
ockEcL,1553,77,88,0,1,-1,8414
ockEcL,1554,220,95,0,1,-1,1760
ockEcL,1555,154,83,0,1,-1,9194
ockEcL,1556,179,39,0,1,-1,6640
ockEcL,1557,232,26,0,1,-1,8911
ockEcL,1558,29,159,0,1,-1,1379
ockEcL,1559,134,227,0,1,-1,7173
ockEcL,1560,249,107,0,1,-1,8650
ockEcL,1561,45,83,0,1,-1,9266
ockEcL,1562,93,184,0,1,-1,2314
ockEcL,1563,239,197,0,1,-1,1392
ockEcL,1564,101,44,0,1,-1,2710
ockEcL,1565,37,202,0,1,-1,9668
ockEcL,1566,190,9,0,1,-1,6260
ockEcL,1567,40,92,0,1,-1,4316
ockEcL,1568,102,149,0,1,-1,5286
ockEcL,1569,7,209,0,1,-1,4108
ockEcL,1570,37,236,0,1,-1,2950
ockEcL,1571,21,1,0,1,-1,3332
ockEcL,1572,234,165,0,1,-1,6390
ockEcL,1573,235,166,0,1,-1,915
ockEcL,1574,210,121,0,1,-1,6993
ockEcL,1575,13,174,0,1,-1,5548
ockEcL,1576,116,185,0,1,-1,9336
ockEcL,1577,242,212,0,1,-1,1866
ockEcL,1578,80,231,0,1,-1,4204
ockEcL,1579,78,214,0,1,-1,796
ockEcL,1580,216,56,0,1,-1,6777
ockEcL,1581,52,141,0,1,-1,3720
ockEcL,1582,86,197,0,1,-1,9532
ockEcL,1583,117,82,0,1,-1,7243
ockEcL,1584,14,74,0,1,-1,8003
ockEcL,1585,44,4,0,1,-1,9855
ockEcL,1586,232,167,0,1,-1,9450
ockEcL,1587,130,87,0,1,-1,3289
ockEcL,1588,52,42,0,1,-1,2629
ockEcL,1589,23,194,0,1,-1,2852
ockEcL,1590,141,195,0,1,-1,5973
ockEcL,1591,149,139,0,1,-1,8783
ockEcL,1592,11,124,0,1,-1,8775
ockEcL,1593,188,27,0,1,-1,7393
ockEcL,1594,41,36,0,1,-1,5907
ockEcL,1595,136,173,0,1,-1,4597
ockEcL,1596,229,94,0,1,-1,1571
ockEcL,1597,208,61,0,1,-1,3210
ockEcL,1598,21,72,0,1,-1,1303
ockEcL,1599,39,140,0,1,-1,1717
ockEcL,1600,12,69,0,1,-1,2171
ockEcL,1601,90,151,0,1,-1,5426
ockEcL,1602,12,24,0,1,-1,4399
ockEcL,1603,184,161,0,1,-1,6282
ockEcL,1604,100,21,0,1,-1,3247
ockEcL,1605,150,46,0,1,-1,8905
ockEcL,1606,209,149,0,1,-1,9224
ockEcL,1607,57,106,0,1,-1,7371
ockEcL,1608,95,165,0,1,-1,189
ockEcL,1609,28,156,0,1,-1,4291
ockEcL,1610,148,193,0,1,-1,3949
ockEcL,1611,239,113,0,1,-1,7874
ockEcL,1612,125,112,0,1,-1,1402
ockEcL,1613,127,230,0,1,-1,6851
ockEcL,1614,91,105,0,1,-1,46
ockEcL,1615,219,16,0,1,-1,2787
ockEcL,1616,97,87,0,1,-1,8022
ockEcL,1617,65,64,0,1,-1,1101
ockEcL,1618,33,215,0,1,-1,7906
ockEcL,1619,219,91,0,1,-1,9526
ockEcL,1620,164,108,0,1,-1,8924
ockEcL,1621,11,185,0,1,-1,2543
ockEcL,1622,232,103,0,1,-1,2635
ockEcL,1623,109,209,0,1,-1,4368
ockEcL,1624,158,153,0,1,-1,8420
ockEcL,1625,41,227,0,1,-1,6992
ockEcL,1626,236,216,0,1,-1,8593
ockEcL,1627,188,235,0,1,-1,7255
ockEcL,1628,160,245,0,1,-1,1062
ockEcL,1629,212,100,0,1,-1,3250
ockEcL,1630,160,237,0,1,-1,3345
ockEcL,1631,33,91,0,1,-1,272
ockEcL,1632,139,29,0,1,-1,1257
ockEcL,1633,158,195,0,1,-1,5999
ockEcL,1634,41,24,0,1,-1,4399
ockEcL,1635,161,225,0,1,-1,5966
ockEcL,1636,86,183,0,1,-1,842
ockEcL,1637,43,42,0,1,-1,37
ockEcL,1638,229,177,0,1,-1,8063
ockEcL,1639,96,130,0,1,-1,684
ockEcL,1640,113,3,0,1,-1,7895
ockEcL,1641,51,17,0,1,-1,5221
ockEcL,1642,72,229,0,1,-1,6564
ockEcL,1643,158,36,0,1,-1,1073
ockEcL,1644,63,196,0,1,-1,401
ockEcL,1645,106,9,0,1,-1,8183
ockEcL,1646,29,140,0,1,-1,3299
ockEcL,1647,221,211,0,1,-1,6129
ockEcL,1648,114,100,0,1,-1,6871
ockEcL,1649,141,60,0,1,-1,1565
ockEcL,1650,156,208,0,1,-1,9410
ockEcL,1651,117,131,0,1,-1,771
ockEcL,1652,232,197,0,1,-1,8849
ockEcL,1653,93,222,0,1,-1,2437
ockEcL,1654,108,201,0,1,-1,4207
ockEcL,1655,72,51,0,1,-1,4293
ockEcL,1656,35,118,0,1,-1,3289
ockEcL,1657,0,20,0,1,-1,4664
ockEcL,1658,10,75,0,1,-1,4876
ockEcL,1659,63,241,0,1,-1,2243
ockEcL,1660,23,68,0,1,-1,8295
ockEcL,1661,34,52,0,1,-1,3306
ockEcL,1662,33,97,0,1,-1,7898
ockEcL,1663,2,169,0,1,-1,5248
ockEcL,1664,0,141,0,1,-1,8953
ockEcL,1665,48,64,0,1,-1,3536
ockEcL,1666,140,77,0,1,-1,1827
ockEcL,1667,109,214,0,1,-1,8571
ockEcL,1668,79,91,0,1,-1,3457
ockEcL,1669,3,148,0,1,-1,4482
ockEcL,1670,245,133,0,1,-1,6971
ockEcL,1671,131,85,0,1,-1,315
ockEcL,1672,11,84,0,1,-1,4172
ockEcL,1673,110,142,0,1,-1,4559
ockEcL,1674,32,41,0,1,-1,3551
ockEcL,1675,122,222,0,1,-1,8935
ockEcL,1676,196,1,0,1,-1,5086
ockEcL,1677,184,21,0,1,-1,2806
ockEcL,1678,107,177,0,1,-1,5499
ockEcL,1679,246,90,0,1,-1,805
ockEcL,1680,103,115,0,1,-1,1939
ockEcL,1681,134,45,0,1,-1,9077
ockEcL,1682,227,96,0,1,-1,3118
ockEcL,1683,105,212,0,1,-1,2721
ockEcL,1684,80,28,0,1,-1,7727
ockEcL,1685,245,204,0,1,-1,2124
ockEcL,1686,138,102,0,1,-1,8017
ockEcL,1687,221,198,0,1,-1,8666
ockEcL,1688,191,127,0,1,-1,5369
ockEcL,1689,41,56,0,1,-1,4759
ockEcL,1690,151,234,0,1,-1,6925
ockEcL,1691,140,161,0,1,-1,4426
ockEcL,1692,17,9,0,1,-1,3059
ockEcL,1693,238,80,0,1,-1,6888
ockEcL,1694,5,88,0,1,-1,1559
ockEcL,1695,8,104,0,1,-1,6101
ockEcL,1696,25,150,0,1,-1,305
ockEcL,1697,124,116,0,1,-1,344
ockEcL,1698,100,94,0,1,-1,874
ockEcL,1699,214,103,0,1,-1,3408
ockEcL,1700,64,170,0,1,-1,2334
ockEcL,1701,10,83,0,1,-1,325
ockEcL,1702,123,176,0,1,-1,3459
ockEcL,1703,69,34,0,1,-1,9645
ockEcL,1704,115,184,0,1,-1,463
ockEcL,1705,235,242,0,1,-1,8749
ockEcL,1706,194,204,0,1,-1,8608
ockEcL,1707,32,52,0,1,-1,5730
ockEcL,1708,211,35,0,1,-1,817
ockEcL,1709,147,187,0,1,-1,3862
ockEcL,1710,2,61,0,1,-1,4605
ockEcL,1711,24,16,0,1,-1,4188
ockEcL,1712,92,62,0,1,-1,4954
ockEcL,1713,97,218,0,1,-1,4321
ockEcL,1714,65,192,0,1,-1,4011
ockEcL,1715,228,57,0,1,-1,4833
ockEcL,1716,46,229,0,1,-1,6708
ockEcL,1717,244,35,0,1,-1,9212
ockEcL,1718,150,84,0,1,-1,5286
ockEcL,1719,43,99,0,1,-1,9488
ockEcL,1720,211,149,0,1,-1,685
ockEcL,1721,16,103,0,1,-1,3114
ockEcL,1722,109,83,0,1,-1,2348
ockEcL,1723,224,72,0,1,-1,4812
ockEcL,1724,180,68,0,1,-1,2250
ockEcL,1725,122,3,0,1,-1,8565
ockEcL,1726,130,93,0,1,-1,3873
ockEcL,1727,31,183,0,1,-1,7234
ockEcL,1728,180,106,0,1,-1,9640
ockEcL,1729,15,159,0,1,-1,6785
ockEcL,1730,127,215,0,1,-1,4776
ockEcL,1731,82,135,0,1,-1,9288
ockEcL,1732,236,125,0,1,-1,8597
ockEcL,1733,1,188,0,1,-1,6170
ockEcL,1734,82,110,0,1,-1,5808
ockEcL,1735,41,11,0,1,-1,1102
ockEcL,1736,84,81,0,1,-1,8537
ockEcL,1737,126,99,0,1,-1,7277
ockEcL,1738,132,226,0,1,-1,1097
ockEcL,1739,18,155,0,1,-1,3154
ockEcL,1740,159,50,0,1,-1,439
ockEcL,1741,192,60,0,1,-1,9790
ockEcL,1742,179,168,0,1,-1,2069
ockEcL,1743,83,216,0,1,-1,5213
ockEcL,1744,248,108,0,1,-1,3026
ockEcL,1745,151,50,0,1,-1,9035
ockEcL,1746,105,202,0,1,-1,532
ockEcL,1747,170,230,0,1,-1,4490
ockEcL,1748,150,49,0,1,-1,4041
ockEcL,1749,129,201,0,1,-1,7979
ockEcL,1750,56,41,0,1,-1,9283
ockEcL,1751,172,132,0,1,-1,212
ockEcL,1752,34,192,0,1,-1,3142
ockEcL,1753,44,66,0,1,-1,8304
ockEcL,1754,79,125,0,1,-1,7123
ockEcL,1755,128,193,0,1,-1,2457
ockEcL,1756,23,77,0,1,-1,2698
ockEcL,1757,8,240,0,1,-1,5792
ockEcL,1758,116,139,0,1,-1,9586
ockEcL,1759,26,74,0,1,-1,5887
ockEcL,1760,192,192,0,1,-1,6580
ockEcL,1761,221,237,0,1,-1,3765
ockEcL,1762,129,0,0,1,-1,7649
ockEcL,1763,83,115,0,1,-1,1904
ockEcL,1764,225,155,0,1,-1,5295
ockEcL,1765,46,177,0,1,-1,6494
ockEcL,1766,223,238,0,1,-1,2983
ockEcL,1767,7,151,0,1,-1,8239
ockEcL,1768,6,160,0,1,-1,3743
ockEcL,1769,28,34,0,1,-1,1802
ockEcL,1770,189,2,0,1,-1,2292
ockEcL,1771,72,51,0,1,-1,2423
ockEcL,1772,192,153,0,1,-1,3642
ockEcL,1773,156,198,0,1,-1,399
ockEcL,1774,207,184,0,1,-1,7280
ockEcL,1775,8,109,0,1,-1,2589
ockEcL,1776,150,3,0,1,-1,6452
ockEcL,1777,132,213,0,1,-1,9379
ockEcL,1778,220,188,0,1,-1,5792
ockEcL,1779,83,1,0,1,-1,5738
ockEcL,1780,60,176,0,1,-1,4642
ockEcL,1781,26,213,0,1,-1,399
ockEcL,1782,189,156,0,1,-1,3269
ockEcL,1783,43,212,0,1,-1,2691
ockEcL,1784,245,215,0,1,-1,9732
ockEcL,1785,68,70,0,1,-1,8396
ockEcL,1786,185,235,0,1,-1,6279
ockEcL,1787,105,28,0,1,-1,8802
ockEcL,1788,36,246,0,1,-1,7650
ockEcL,1789,82,79,0,1,-1,4883
ockEcL,1790,54,195,0,1,-1,8718
ockEcL,1791,143,197,0,1,-1,1124
ockEcL,1792,61,174,0,1,-1,4028
ockEcL,1793,56,87,0,1,-1,6682
ockEcL,1794,187,123,0,1,-1,1788
ockEcL,1795,157,92,0,1,-1,5036
ockEcL,1796,247,128,0,1,-1,5989
ockEcL,1797,126,64,0,1,-1,4125
ockEcL,1798,60,217,0,1,-1,9750
ockEcL,1799,86,201,0,1,-1,7399
ockEcL,1800,213,246,0,1,-1,9498
ockEcL,1801,63,75,0,1,-1,7197
ockEcL,1802,26,56,0,1,-1,397
ockEcL,1803,179,143,0,1,-1,7710
ockEcL,1804,96,136,0,1,-1,8339
ockEcL,1805,101,71,0,1,-1,6744
ockEcL,1806,225,196,0,1,-1,7097
ockEcL,1807,91,169,0,1,-1,9871
ockEcL,1808,176,111,0,1,-1,1887
ockEcL,1809,69,96,0,1,-1,5364
ockEcL,1810,131,2,0,1,-1,3515
ockEcL,1811,60,55,0,1,-1,4180
ockEcL,1812,69,91,0,1,-1,5350
ockEcL,1813,178,164,0,1,-1,3348
ockEcL,1814,115,137,0,1,-1,2616
ockEcL,1815,103,158,0,1,-1,5228
ockEcL,1816,179,230,0,1,-1,2412
ockEcL,1817,45,187,0,1,-1,729
ockEcL,1818,87,74,0,1,-1,5018
ockEcL,1819,152,15,0,1,-1,4206
ockEcL,1820,136,190,0,1,-1,3398
ockEcL,1821,102,55,0,1,-1,8015
ockEcL,1822,207,32,0,1,-1,6947
ockEcL,1823,194,43,0,1,-1,6557
ockEcL,1824,73,128,0,1,-1,7317
ockEcL,1825,118,131,0,1,-1,4574
ockEcL,1826,39,76,0,1,-1,5531
ockEcL,1827,31,28,0,1,-1,3860
ockEcL,1828,117,12,0,1,-1,5732
ockEcL,1829,117,74,0,1,-1,5090
ockEcL,1830,213,0,0,1,-1,6536
ockEcL,1831,143,25,0,1,-1,5864
ockEcL,1832,125,71,0,1,-1,153
ockEcL,1833,204,163,0,1,-1,2394
ockEcL,1834,15,100,0,1,-1,2217
ockEcL,1835,102,54,0,1,-1,7649
ockEcL,1836,216,213,0,1,-1,8905
ockEcL,1837,11,89,0,1,-1,599
ockEcL,1838,6,56,0,1,-1,5703
ockEcL,1839,196,76,0,1,-1,6566
ockEcL,1840,44,199,0,1,-1,7469
ockEcL,1841,160,130,0,1,-1,3699
ockEcL,1842,167,91,0,1,-1,4481
ockEcL,1843,28,117,0,1,-1,6823
ockEcL,1844,237,80,0,1,-1,4249
ockEcL,1845,37,225,0,1,-1,3094
ockEcL,1846,183,242,0,1,-1,1200
ockEcL,1847,6,225,0,1,-1,7333
ockEcL,1848,24,144,0,1,-1,2738
ockEcL,1849,240,53,0,1,-1,134
ockEcL,1850,34,139,0,1,-1,5860
ockEcL,1851,241,82,0,1,-1,4867
ockEcL,1852,133,84,0,1,-1,167
ockEcL,1853,175,156,0,1,-1,9088
ockEcL,1854,182,8,0,1,-1,267
ockEcL,1855,78,41,0,1,-1,4598
ockEcL,1856,104,145,0,1,-1,5316
ockEcL,1857,11,197,0,1,-1,4954
ockEcL,1858,67,192,0,1,-1,4940
ockEcL,1859,198,148,0,1,-1,7957
ockEcL,1860,248,34,0,1,-1,3124
ockEcL,1861,61,19,0,1,-1,177
ockEcL,1862,81,8,0,1,-1,8991
ockEcL,1863,65,82,0,1,-1,4843
ockEcL,1864,133,221,0,1,-1,4349
ockEcL,1865,208,12,0,1,-1,7571
ockEcL,1866,22,9,0,1,-1,2586
ockEcL,1867,160,13,0,1,-1,6424
ockEcL,1868,105,105,0,1,-1,7572
ockEcL,1869,87,22,0,1,-1,966
ockEcL,1870,194,205,0,1,-1,7240
ockEcL,1871,6,129,0,1,-1,9486
ockEcL,1872,14,77,0,1,-1,9501
ockEcL,1873,6,93,0,1,-1,7407
ockEcL,1874,143,195,0,1,-1,7146
ockEcL,1875,135,90,0,1,-1,9722
ockEcL,1876,213,178,0,1,-1,2616
ockEcL,1877,0,182,0,1,-1,5093
ockEcL,1878,9,153,0,1,-1,8361
ockEcL,1879,110,216,0,1,-1,2666
ockEcL,1880,140,116,0,1,-1,2140
ockEcL,1881,28,190,0,1,-1,4245
ockEcL,1882,52,14,0,1,-1,2976
ockEcL,1883,115,80,0,1,-1,2799
ockEcL,1884,90,86,0,1,-1,4460
ockEcL,1885,201,114,0,1,-1,7180
ockEcL,1886,159,42,0,1,-1,6822
ockEcL,1887,217,233,0,1,-1,3297
ockEcL,1888,128,139,0,1,-1,9314
ockEcL,1889,144,227,0,1,-1,8440
ockEcL,1890,57,172,0,1,-1,6938
ockEcL,1891,229,218,0,1,-1,9979
ockEcL,1892,239,114,0,1,-1,939
ockEcL,1893,11,36,0,1,-1,7517
ockEcL,1894,158,99,0,1,-1,7894
ockEcL,1895,42,168,0,1,-1,9644
ockEcL,1896,168,222,0,1,-1,1088
ockEcL,1897,14,12,0,1,-1,893
ockEcL,1898,246,241,0,1,-1,7181
ockEcL,1899,7,83,0,1,-1,4323
ockEcL,1900,181,246,0,1,-1,7483
ockEcL,1901,125,5,0,1,-1,4944
ockEcL,1902,169,244,0,1,-1,7525
ockEcL,1903,25,48,0,1,-1,6081
ockEcL,1904,114,210,0,1,-1,8527
ockEcL,1905,164,48,0,1,-1,4757
ockEcL,1906,52,70,0,1,-1,2510
ockEcL,1907,90,158,0,1,-1,5169
ockEcL,1908,197,33,0,1,-1,7887
ockEcL,1909,227,189,0,1,-1,257
ockEcL,1910,186,86,0,1,-1,772
ockEcL,1911,222,113,0,1,-1,4842
ockEcL,1912,209,19,0,1,-1,6600
ockEcL,1913,13,26,0,1,-1,337
ockEcL,1914,246,133,0,1,-1,7811
ockEcL,1915,216,96,0,1,-1,3636
ockEcL,1916,205,154,0,1,-1,8177
ockEcL,1917,217,167,0,1,-1,1970
ockEcL,1918,212,33,0,1,-1,3880
ockEcL,1919,128,175,0,1,-1,9471
ockEcL,1920,44,197,0,1,-1,2482
ockEcL,1921,126,224,0,1,-1,9449
ockEcL,1922,63,124,0,1,-1,8346
ockEcL,1923,192,97,0,1,-1,7835
ockEcL,1924,249,90,0,1,-1,1367
ockEcL,1925,2,50,0,1,-1,3732
ockEcL,1926,92,220,0,1,-1,7726
ockEcL,1927,9,115,0,1,-1,4947
ockEcL,1928,193,121,0,1,-1,9352
ockEcL,1929,143,99,0,1,-1,9523
ockEcL,1930,210,189,0,1,-1,4701
ockEcL,1931,153,117,0,1,-1,4603
ockEcL,1932,58,159,0,1,-1,6039
ockEcL,1933,59,19,0,1,-1,4918
ockEcL,1934,165,196,0,1,-1,3975
ockEcL,1935,174,139,0,1,-1,6890
ockEcL,1936,199,63,0,1,-1,3929
ockEcL,1937,211,102,0,1,-1,9214
ockEcL,1938,227,116,0,1,-1,7391
ockEcL,1939,18,36,0,1,-1,2713
ockEcL,1940,14,240,0,1,-1,4462
ockEcL,1941,59,96,0,1,-1,4822
ockEcL,1942,195,227,0,1,-1,3518
ockEcL,1943,51,248,0,1,-1,8792
ockEcL,1944,186,159,0,1,-1,477
ockEcL,1945,95,191,0,1,-1,431
ockEcL,1946,197,6,0,1,-1,3730
ockEcL,1947,115,3,0,1,-1,3266
ockEcL,1948,96,163,0,1,-1,464
ockEcL,1949,120,139,0,1,-1,3022
ockEcL,1950,79,9,0,1,-1,2551
ockEcL,1951,148,76,0,1,-1,2983
ockEcL,1952,237,57,0,1,-1,9252
ockEcL,1953,104,208,0,1,-1,8019
ockEcL,1954,121,33,0,1,-1,874
ockEcL,1955,125,68,0,1,-1,607
ockEcL,1956,159,133,0,1,-1,724
ockEcL,1957,110,96,0,1,-1,4275
ockEcL,1958,156,89,0,1,-1,4160
ockEcL,1959,148,79,0,1,-1,3672
ockEcL,1960,193,107,0,1,-1,9560
ockEcL,1961,20,21,0,1,-1,2088
ockEcL,1962,82,170,0,1,-1,5043
ockEcL,1963,115,246,0,1,-1,2897
ockEcL,1964,68,103,0,1,-1,1828
ockEcL,1965,187,52,0,1,-1,1660
ockEcL,1966,192,100,0,1,-1,5116
ockEcL,1967,117,128,0,1,-1,8338
ockEcL,1968,213,224,0,1,-1,2677
ockEcL,1969,249,249,0,1,-1,4265
ockEcL,1970,18,24,0,1,-1,1264
ockEcL,1971,115,64,0,1,-1,4301
ockEcL,1972,19,229,0,1,-1,6719
ockEcL,1973,211,135,0,1,-1,1853
ockEcL,1974,216,39,0,1,-1,9944
ockEcL,1975,105,53,0,1,-1,2396
ockEcL,1976,54,210,0,1,-1,5030
ockEcL,1977,5,221,0,1,-1,6630
ockEcL,1978,225,50,0,1,-1,8451
ockEcL,1979,196,107,0,1,-1,2995
ockEcL,1980,189,87,0,1,-1,5615
ockEcL,1981,89,58,0,1,-1,483
ockEcL,1982,63,48,0,1,-1,6517
ockEcL,1983,157,201,0,1,-1,3222
ockEcL,1984,81,26,0,1,-1,196
ockEcL,1985,91,26,0,1,-1,6636
ockEcL,1986,218,166,0,1,-1,5159
ockEcL,1987,211,227,0,1,-1,1641
ockEcL,1988,5,99,0,1,-1,5189
ockEcL,1989,10,6,0,1,-1,9885
ockEcL,1990,140,46,0,1,-1,771
ockEcL,1991,146,85,0,1,-1,4445
ockEcL,1992,118,45,0,1,-1,1556
ockEcL,1993,219,210,0,1,-1,7710
ockEcL,1994,145,82,0,1,-1,8767
ockEcL,1995,137,215,0,1,-1,7707
ockEcL,1996,223,177,0,1,-1,8180
ockEcL,1997,142,61,0,1,-1,8239
ockEcL,1998,98,82,0,1,-1,5485
ockEcL,1999,41,187,0,1,-1,6359
ockEcL,2000,202,28,0,1,-1,4595
ockEcL,2001,13,33,0,1,-1,1707
ockEcL,2002,181,194,0,1,-1,867
ockEcL,2003,35,30,0,1,-1,3982
ockEcL,2004,57,145,0,1,-1,9916
ockEcL,2005,137,16,0,1,-1,4849
ockEcL,2006,111,59,0,1,-1,7584
ockEcL,2007,218,162,0,1,-1,6815
ockEcL,2008,26,171,0,1,-1,9564
ockEcL,2009,114,203,0,1,-1,6828
ockEcL,2010,215,18,0,1,-1,4350
ockEcL,2011,124,184,0,1,-1,7906
ockEcL,2012,12,84,0,1,-1,7467
ockEcL,2013,53,181,0,1,-1,2512
ockEcL,2014,42,72,0,1,-1,6748
ockEcL,2015,207,179,0,1,-1,9873
ockEcL,2016,164,143,0,1,-1,8674
ockEcL,2017,216,48,0,1,-1,2883
ockEcL,2018,157,197,0,1,-1,1797
ockEcL,2019,14,1,0,1,-1,5224
ockEcL,2020,127,247,0,1,-1,8126
ockEcL,2021,156,244,0,1,-1,4183
ockEcL,2022,173,177,0,1,-1,8946
ockEcL,2023,188,203,0,1,-1,4890
ockEcL,2024,19,180,0,1,-1,5642
ockEcL,2025,10,210,0,1,-1,3892
ockEcL,2026,113,126,0,1,-1,8885
ockEcL,2027,120,231,0,1,-1,3152
ockEcL,2028,76,232,0,1,-1,8006
ockEcL,2029,49,115,0,1,-1,5412
ockEcL,2030,93,135,0,1,-1,3869
ockEcL,2031,197,225,0,1,-1,4283
ockEcL,2032,114,102,0,1,-1,6351
ockEcL,2033,106,9,0,1,-1,2276
ockEcL,2034,247,101,0,1,-1,1997
ockEcL,2035,1,31,0,1,-1,4100
ockEcL,2036,214,228,0,1,-1,7993
ockEcL,2037,101,32,0,1,-1,4986
ockEcL,2038,67,83,0,1,-1,2823
ockEcL,2039,247,226,0,1,-1,9153
ockEcL,2040,152,97,0,1,-1,8086
ockEcL,2041,21,162,0,1,-1,979
ockEcL,2042,118,90,0,1,-1,6000
ockEcL,2043,143,248,0,1,-1,5823
ockEcL,2044,53,93,0,1,-1,2688
ockEcL,2045,129,215,0,1,-1,2734
ockEcL,2046,51,215,0,1,-1,5770
ockEcL,2047,154,230,0,1,-1,7657
ockEcL,2048,126,176,0,1,-1,6849
ockEcL,2049,153,96,0,1,-1,593
ockEcL,2050,63,148,0,1,-1,5746
ockEcL,2051,138,108,0,1,-1,8080
ockEcL,2052,139,170,0,1,-1,735
ockEcL,2053,234,65,0,1,-1,6981
ockEcL,2054,130,27,0,1,-1,6557
ockEcL,2055,30,81,0,1,-1,7790
ockEcL,2056,43,44,0,1,-1,2074
ockEcL,2057,235,243,0,1,-1,7417
ockEcL,2058,151,42,0,1,-1,4270
ockEcL,2059,128,89,0,1,-1,7540
ockEcL,2060,119,15,0,1,-1,5241
ockEcL,2061,221,110,0,1,-1,6111
ockEcL,2062,108,220,0,1,-1,6327
ockEcL,2063,0,140,0,1,-1,268
ockEcL,2064,89,47,0,1,-1,8225
ockEcL,2065,134,21,0,1,-1,7344
ockEcL,2066,5,111,0,1,-1,3665
ockEcL,2067,126,171,0,1,-1,3663
ockEcL,2068,33,137,0,1,-1,4963
ockEcL,2069,245,229,0,1,-1,9275
ockEcL,2070,26,183,0,1,-1,7244
ockEcL,2071,151,209,0,1,-1,4256
ockEcL,2072,185,87,0,1,-1,3156
ockEcL,2073,245,8,0,1,-1,8154
ockEcL,2074,10,12,0,1,-1,1004
ockEcL,2075,169,103,0,1,-1,1039
ockEcL,2076,16,90,0,1,-1,1469
ockEcL,2077,147,200,0,1,-1,6109
ockEcL,2078,73,119,0,1,-1,2806
ockEcL,2079,208,22,0,1,-1,744
ockEcL,2080,54,189,0,1,-1,6328
ockEcL,2081,95,1,0,1,-1,3005
ockEcL,2082,154,187,0,1,-1,9947
ockEcL,2083,179,109,0,1,-1,9845
ockEcL,2084,169,72,0,1,-1,8422
ockEcL,2085,199,120,0,1,-1,2392
ockEcL,2086,166,199,0,1,-1,4717
ockEcL,2087,126,88,0,1,-1,3362
ockEcL,2088,242,165,0,1,-1,68
ockEcL,2089,36,107,0,1,-1,4535
ockEcL,2090,186,122,0,1,-1,3702
ockEcL,2091,37,22,0,1,-1,7015
ockEcL,2092,26,91,0,1,-1,885
ockEcL,2093,248,244,0,1,-1,538
ockEcL,2094,142,125,0,1,-1,63
ockEcL,2095,144,73,0,1,-1,8367
ockEcL,2096,77,246,0,1,-1,1873
ockEcL,2097,214,1,0,1,-1,6948
ockEcL,2098,87,117,0,1,-1,2262
ockEcL,2099,80,177,0,1,-1,8318
ockEcL,2100,123,56,0,1,-1,6032
ockEcL,2101,105,143,0,1,-1,3263
ockEcL,2102,116,71,0,1,-1,1673
ockEcL,2103,238,126,0,1,-1,8373
ockEcL,2104,126,60,0,1,-1,569
ockEcL,2105,10,214,0,1,-1,8883
ockEcL,2106,31,50,0,1,-1,2993
ockEcL,2107,42,230,0,1,-1,9479
ockEcL,2108,107,21,0,1,-1,5246
ockEcL,2109,148,127,0,1,-1,8248
ockEcL,2110,175,142,0,1,-1,278
ockEcL,2111,71,113,0,1,-1,1412
ockEcL,2112,59,62,0,1,-1,7445
ockEcL,2113,29,38,0,1,-1,6682
ockEcL,2114,100,38,0,1,-1,7473
ockEcL,2115,179,176,0,1,-1,6030
ockEcL,2116,98,196,0,1,-1,4605
ockEcL,2117,215,191,0,1,-1,3929
ockEcL,2118,42,85,0,1,-1,8325
ockEcL,2119,203,9,0,1,-1,1997
ockEcL,2120,142,219,0,1,-1,99
ockEcL,2121,234,97,0,1,-1,4055
ockEcL,2122,124,84,0,1,-1,202
ockEcL,2123,81,130,0,1,-1,4326
ockEcL,2124,8,167,0,1,-1,6194
ockEcL,2125,171,192,0,1,-1,1024
ockEcL,2126,119,62,0,1,-1,6334
ockEcL,2127,93,87,0,1,-1,9606
ockEcL,2128,181,55,0,1,-1,7817
ockEcL,2129,196,43,0,1,-1,4682
ockEcL,2130,141,210,0,1,-1,7546
ockEcL,2131,33,141,0,1,-1,1241
ockEcL,2132,91,85,0,1,-1,767
ockEcL,2133,76,161,0,1,-1,7170
ockEcL,2134,221,228,0,1,-1,4044
ockEcL,2135,238,1,0,1,-1,783
ockEcL,2136,68,245,0,1,-1,9756
ockEcL,2137,49,93,0,1,-1,9991
ockEcL,2138,136,123,0,1,-1,5490
ockEcL,2139,78,92,0,1,-1,3610
ockEcL,2140,99,58,0,1,-1,3423
ockEcL,2141,176,125,0,1,-1,2134
ockEcL,2142,175,158,0,1,-1,4478
ockEcL,2143,100,121,0,1,-1,7039
ockEcL,2144,154,199,0,1,-1,5045
ockEcL,2145,87,42,0,1,-1,3120
ockEcL,2146,63,161,0,1,-1,2850
ockEcL,2147,130,156,0,1,-1,3665
ockEcL,2148,20,136,0,1,-1,6721
ockEcL,2149,119,230,0,1,-1,7722
ockEcL,2150,116,126,0,1,-1,2409
ockEcL,2151,17,7,0,1,-1,7509
ockEcL,2152,128,36,0,1,-1,2307
ockEcL,2153,160,196,0,1,-1,8329
ockEcL,2154,23,95,0,1,-1,7497
ockEcL,2155,25,184,0,1,-1,6264
ockEcL,2156,175,24,0,1,-1,5752
ockEcL,2157,18,40,0,1,-1,6761
ockEcL,2158,216,22,0,1,-1,3794
ockEcL,2159,212,50,0,1,-1,6533
ockEcL,2160,134,226,0,1,-1,5406
ockEcL,2161,100,18,0,1,-1,4741
ockEcL,2162,12,162,0,1,-1,9282
ockEcL,2163,110,30,0,1,-1,948
ockEcL,2164,150,126,0,1,-1,8553
ockEcL,2165,78,155,0,1,-1,2399
ockEcL,2166,181,173,0,1,-1,6829
ockEcL,2167,37,99,0,1,-1,9973
ockEcL,2168,204,176,0,1,-1,1557
ockEcL,2169,157,90,0,1,-1,7160
ockEcL,2170,26,192,0,1,-1,2350
ockEcL,2171,239,60,0,1,-1,7612
ockEcL,2172,238,7,0,1,-1,423
ockEcL,2173,17,187,0,1,-1,791
ockEcL,2174,112,0,0,1,-1,8508
ockEcL,2175,212,75,0,1,-1,767
ockEcL,2176,73,218,0,1,-1,4847
ockEcL,2177,200,232,0,1,-1,1670
ockEcL,2178,175,54,0,1,-1,5921
ockEcL,2179,78,19,0,1,-1,8719
ockEcL,2180,208,2,0,1,-1,4785
ockEcL,2181,118,107,0,1,-1,769
ockEcL,2182,231,243,0,1,-1,1769
ockEcL,2183,182,16,0,1,-1,2913
ockEcL,2184,125,133,0,1,-1,9434
ockEcL,2185,55,215,0,1,-1,755
ockEcL,2186,239,119,0,1,-1,8456
ockEcL,2187,157,74,0,1,-1,8221
ockEcL,2188,186,110,0,1,-1,1843
ockEcL,2189,57,121,0,1,-1,3740
ockEcL,2190,74,29,0,1,-1,52
ockEcL,2191,100,26,0,1,-1,2447
ockEcL,2192,104,2,0,1,-1,3819
ockEcL,2193,127,236,0,1,-1,4698
ockEcL,2194,224,2,0,1,-1,8953
ockEcL,2195,90,26,0,1,-1,1316
ockEcL,2196,161,17,0,1,-1,3469
ockEcL,2197,118,94,0,1,-1,2295
ockEcL,2198,132,89,0,1,-1,4151
ockEcL,2199,160,190,0,1,-1,2502
ockEcL,2200,112,215,0,1,-1,3876
